genre_id,title_id,genre
1,t0001,Kids' TV
2,t0002,Horror Movies
3,t0002,Music & Musicals
4,t0003,Sci-Fi & Fantasy
5,t0003,Romantic Movies
6,t0004,Reality TV
7,t0004,Music & Musicals
8,t0005,International
9,t0005,Stand-Up Comedy
10,t0005,Sci-Fi & Fantasy
11,t0006,Independent
12,t0006,LGBTQ
13,t0007,Action & Adventure
14,t0007,Documentaries
15,t0008,Documentaries
16,t0008,LGBTQ
17,t0008,Independent
18,t0009,Comedies
19,t0010,Anime
20,t0010,Comedies
21,t0011,Documentaries
22,t0011,Independent
23,t0012,LGBTQ
24,t0012,Classic
25,t0012,Crime
26,t0013,Crime
27,t0014,Independent
28,t0014,Dramas
29,t0015,Anime
30,t0015,Music & Musicals
31,t0015,Classic
32,t0016,Documentaries
33,t0016,Horror Movies
34,t0016,Comedies
35,t0017,Music & Musicals
36,t0017,Thrillers
37,t0018,Sci-Fi & Fantasy
38,t0018,Action & Adventure
39,t0019,Music & Musicals
40,t0019,LGBTQ
41,t0020,Comedies
42,t0021,Comedies
43,t0021,Documentaries
44,t0022,Sports
45,t0022,Crime
46,t0023,Romantic Movies
47,t0023,Kids' TV
48,t0023,Anime
49,t0024,Thrillers
50,t0024,Kids' TV
51,t0024,Music & Musicals
52,t0025,Horror Movies
53,t0026,Thrillers
54,t0026,LGBTQ
55,t0026,Kids' TV
56,t0027,Reality TV
57,t0028,Horror Movies
58,t0029,Action & Adventure
59,t0029,Music & Musicals
60,t0029,International
61,t0030,LGBTQ
62,t0030,Dramas
63,t0030,Thrillers
64,t0031,Classic
65,t0031,Horror Movies
66,t0032,International
67,t0032,Anime
68,t0032,Classic
69,t0033,International
70,t0034,Reality TV
71,t0034,Sports
72,t0035,Stand-Up Comedy
73,t0036,Action & Adventure
74,t0037,Anime
75,t0037,Crime
76,t0037,Kids' TV
77,t0038,Classic
78,t0039,Classic
79,t0039,International
80,t0039,Action & Adventure
81,t0040,Kids' TV
82,t0041,Romantic Movies
83,t0041,Sci-Fi & Fantasy
84,t0042,Sci-Fi & Fantasy
85,t0043,Classic
86,t0043,Dramas
87,t0044,Reality TV
88,t0044,LGBTQ
89,t0045,Thrillers
90,t0046,Classic
91,t0046,Stand-Up Comedy
92,t0046,Independent
93,t0047,Romantic Movies
94,t0047,Classic
95,t0047,Documentaries
96,t0048,Kids' TV
97,t0048,Thrillers
98,t0049,Kids' TV
99,t0049,Thrillers
100,t0050,LGBTQ
101,t0051,Comedies
102,t0051,Sci-Fi & Fantasy
103,t0052,Dramas
104,t0053,Kids' TV
105,t0053,Comedies
106,t0053,Sci-Fi & Fantasy
107,t0054,Documentaries
108,t0055,Classic
109,t0056,International
110,t0056,Documentaries
111,t0057,Horror Movies
112,t0058,Thrillers
113,t0058,LGBTQ
114,t0058,Anime
115,t0059,International
116,t0059,Action & Adventure
117,t0059,Anime
118,t0060,Sci-Fi & Fantasy
119,t0060,Thrillers
120,t0061,Sports
121,t0061,Dramas
122,t0061,Sci-Fi & Fantasy
123,t0062,International
124,t0063,Kids' TV
125,t0063,Sci-Fi & Fantasy
126,t0064,International
127,t0065,Music & Musicals
128,t0066,Romantic Movies
129,t0066,Comedies
130,t0066,Classic
131,t0067,Classic
132,t0068,Thrillers
133,t0068,Dramas
134,t0069,International
135,t0070,Romantic Movies
136,t0070,Kids' TV
137,t0070,Music & Musicals
138,t0071,Music & Musicals
139,t0072,Comedies
140,t0073,Dramas
141,t0073,Crime
142,t0073,Stand-Up Comedy
143,t0074,Thrillers
144,t0074,Independent
145,t0075,Stand-Up Comedy
146,t0075,Crime
147,t0075,Romantic Movies
148,t0076,Romantic Movies
149,t0076,Comedies
150,t0077,Comedies
151,t0077,Crime
152,t0078,Stand-Up Comedy
153,t0078,Horror Movies
154,t0079,Crime
155,t0079,Sci-Fi & Fantasy
156,t0079,Comedies
157,t0080,Anime
158,t0081,Sports
159,t0082,Music & Musicals
160,t0083,Comedies
161,t0084,Sci-Fi & Fantasy
162,t0085,Action & Adventure
163,t0085,Sports
164,t0085,Reality TV
165,t0086,Dramas
166,t0087,Romantic Movies
167,t0087,Comedies
168,t0088,Classic
169,t0088,Kids' TV
170,t0088,Anime
171,t0089,Romantic Movies
172,t0089,Stand-Up Comedy
173,t0089,Horror Movies
174,t0090,Classic
175,t0090,Action & Adventure
176,t0091,Reality TV
177,t0092,Sci-Fi & Fantasy
178,t0092,LGBTQ
179,t0092,Romantic Movies
180,t0093,Independent
181,t0093,Sci-Fi & Fantasy
182,t0093,Stand-Up Comedy
183,t0094,International
184,t0095,LGBTQ
185,t0095,Romantic Movies
186,t0096,Horror Movies
187,t0096,Crime
188,t0097,Thrillers
189,t0097,Stand-Up Comedy
190,t0097,Independent
191,t0098,LGBTQ
192,t0098,Sci-Fi & Fantasy
193,t0099,Documentaries
194,t0099,Kids' TV
195,t0099,Music & Musicals
196,t0100,Kids' TV
197,t0100,LGBTQ
198,t0101,Music & Musicals
199,t0102,LGBTQ
200,t0103,Sports
201,t0103,Reality TV
202,t0103,Romantic Movies
203,t0104,Classic
204,t0104,Sports
205,t0104,Stand-Up Comedy
206,t0105,Music & Musicals
207,t0105,Romantic Movies
208,t0106,Crime
209,t0107,International
210,t0107,Anime
211,t0108,Crime
212,t0108,Romantic Movies
213,t0108,Sci-Fi & Fantasy
214,t0109,Romantic Movies
215,t0109,Thrillers
216,t0109,International
217,t0110,Documentaries
218,t0111,Crime
219,t0112,Music & Musicals
220,t0112,Action & Adventure
221,t0113,Horror Movies
222,t0113,Classic
223,t0113,Independent
224,t0114,LGBTQ
225,t0114,Thrillers
226,t0115,Kids' TV
227,t0115,Horror Movies
228,t0116,Sports
229,t0116,Documentaries
230,t0116,Crime
231,t0117,Comedies
232,t0118,Independent
233,t0119,Reality TV
234,t0119,Stand-Up Comedy
235,t0120,Romantic Movies
236,t0120,Reality TV
237,t0121,International
238,t0121,LGBTQ
239,t0122,Sci-Fi & Fantasy
240,t0123,Independent
241,t0124,Dramas
242,t0124,Stand-Up Comedy
243,t0125,Music & Musicals
244,t0125,Dramas
245,t0126,Classic
246,t0127,International
247,t0128,Documentaries
248,t0129,Stand-Up Comedy
249,t0129,Comedies
250,t0129,Classic
251,t0130,Independent
252,t0130,Documentaries
253,t0131,Crime
254,t0132,Stand-Up Comedy
255,t0132,International
256,t0133,Reality TV
257,t0133,Sci-Fi & Fantasy
258,t0133,Thrillers
259,t0134,LGBTQ
260,t0135,Documentaries
261,t0136,Comedies
262,t0137,Independent
263,t0137,Anime
264,t0138,LGBTQ
265,t0138,Dramas
266,t0139,Romantic Movies
267,t0139,Classic
268,t0140,Dramas
269,t0140,Stand-Up Comedy
270,t0141,Dramas
271,t0142,Reality TV
272,t0142,Documentaries
273,t0143,Thrillers
274,t0144,Sports
275,t0144,Dramas
276,t0145,Music & Musicals
277,t0145,Horror Movies
278,t0145,Stand-Up Comedy
279,t0146,Music & Musicals
280,t0146,LGBTQ
281,t0147,Kids' TV
282,t0147,Independent
283,t0147,Horror Movies
284,t0148,Sports
285,t0148,Stand-Up Comedy
286,t0148,Action & Adventure
287,t0149,Stand-Up Comedy
288,t0149,Crime
289,t0150,Sports
290,t0151,Thrillers
291,t0151,Romantic Movies
292,t0152,Documentaries
293,t0152,International
294,t0153,Romantic Movies
295,t0153,Music & Musicals
296,t0153,Comedies
297,t0154,Anime
298,t0154,Independent
299,t0155,Romantic Movies
300,t0155,Music & Musicals
301,t0156,Comedies
302,t0157,Independent
303,t0158,Dramas
304,t0158,Reality TV
305,t0159,Classic
306,t0159,Horror Movies
307,t0159,Kids' TV
308,t0160,Stand-Up Comedy
309,t0161,Crime
310,t0161,Dramas
311,t0162,Crime
312,t0163,Dramas
313,t0163,Anime
314,t0164,Documentaries
315,t0164,Music & Musicals
316,t0164,Reality TV
317,t0165,Documentaries
318,t0166,Dramas
319,t0166,Documentaries
320,t0167,International
321,t0167,Documentaries
322,t0167,Music & Musicals
323,t0168,Classic
324,t0168,Reality TV
325,t0169,Romantic Movies
326,t0169,Sports
327,t0169,Action & Adventure
328,t0170,Independent
329,t0170,Music & Musicals
330,t0171,Comedies
331,t0172,International
332,t0172,Stand-Up Comedy
333,t0173,Crime
334,t0174,Comedies
335,t0174,Action & Adventure
336,t0174,LGBTQ
337,t0175,Comedies
338,t0176,Documentaries
339,t0176,Stand-Up Comedy
340,t0176,Independent
341,t0177,Reality TV
342,t0178,Comedies
343,t0178,Documentaries
344,t0178,Thrillers
345,t0179,Action & Adventure
346,t0180,Thrillers
347,t0180,Romantic Movies
348,t0181,Romantic Movies
349,t0182,International
350,t0182,Crime
351,t0183,Reality TV
352,t0184,Anime
353,t0184,International
354,t0184,Documentaries
355,t0185,Action & Adventure
356,t0185,Anime
357,t0185,Crime
358,t0186,Documentaries
359,t0186,Kids' TV
360,t0186,Horror Movies
361,t0187,Action & Adventure
362,t0187,Dramas
363,t0187,Romantic Movies
364,t0188,Documentaries
365,t0188,Reality TV
366,t0189,Anime
367,t0190,Anime
368,t0190,Stand-Up Comedy
369,t0190,Thrillers
370,t0191,Action & Adventure
371,t0192,Thrillers
372,t0192,Horror Movies
373,t0192,Sci-Fi & Fantasy
374,t0193,Thrillers
375,t0193,Independent
376,t0194,Thrillers
377,t0194,International
378,t0194,Stand-Up Comedy
379,t0195,Horror Movies
380,t0195,LGBTQ
381,t0195,Independent
382,t0196,Independent
383,t0196,Thrillers
384,t0196,Comedies
385,t0197,Comedies
386,t0197,Reality TV
387,t0198,Horror Movies
388,t0198,Anime
389,t0199,Sports
390,t0199,Dramas
391,t0200,Action & Adventure
392,t0201,Action & Adventure
393,t0201,Independent
394,t0202,Documentaries
395,t0202,Sci-Fi & Fantasy
396,t0203,Crime
397,t0204,Stand-Up Comedy
398,t0205,International
399,t0205,Sports
400,t0205,Kids' TV
401,t0206,Horror Movies
402,t0207,Action & Adventure
403,t0207,Stand-Up Comedy
404,t0208,Kids' TV
405,t0208,Reality TV
406,t0208,Music & Musicals
407,t0209,Anime
408,t0209,Horror Movies
409,t0210,Kids' TV
410,t0210,Classic
411,t0210,Sci-Fi & Fantasy
412,t0211,Documentaries
413,t0212,Documentaries
414,t0213,Romantic Movies
415,t0213,Anime
416,t0214,Comedies
417,t0215,Thrillers
418,t0215,Horror Movies
419,t0216,Sports
420,t0217,Crime
421,t0218,Dramas
422,t0218,Horror Movies
423,t0218,Action & Adventure
424,t0219,Dramas
425,t0219,Sports
426,t0219,Independent
427,t0220,Horror Movies
428,t0221,Reality TV
429,t0221,Stand-Up Comedy
430,t0222,International
431,t0223,Sports
432,t0224,Kids' TV
433,t0224,Comedies
434,t0225,Sports
435,t0226,LGBTQ
436,t0226,Stand-Up Comedy
437,t0227,Stand-Up Comedy
438,t0228,Comedies
439,t0229,Comedies
440,t0230,Classic
441,t0230,Dramas
442,t0230,Documentaries
443,t0231,Romantic Movies
444,t0231,Kids' TV
445,t0232,Romantic Movies
446,t0232,Comedies
447,t0233,Crime
448,t0233,Sports
449,t0233,Music & Musicals
450,t0234,Independent
451,t0235,Classic
452,t0235,Crime
453,t0235,Music & Musicals
454,t0236,Kids' TV
455,t0236,International
456,t0237,LGBTQ
457,t0237,Crime
458,t0237,Horror Movies
459,t0238,Crime
460,t0238,Dramas
461,t0239,Dramas
462,t0239,Sports
463,t0239,Stand-Up Comedy
464,t0240,Music & Musicals
465,t0240,Sci-Fi & Fantasy
466,t0240,Documentaries
467,t0241,Reality TV
468,t0241,Anime
469,t0242,Anime
470,t0243,Documentaries
471,t0244,Stand-Up Comedy
472,t0245,Anime
473,t0245,Horror Movies
474,t0245,Action & Adventure
475,t0246,Action & Adventure
476,t0247,Thrillers
477,t0247,Music & Musicals
478,t0248,International
479,t0249,Comedies
480,t0250,Action & Adventure
481,t0251,Documentaries
482,t0251,Music & Musicals
483,t0251,Dramas
484,t0252,Sci-Fi & Fantasy
485,t0253,LGBTQ
486,t0253,Anime
487,t0253,Action & Adventure
488,t0254,Crime
489,t0254,Thrillers
490,t0254,Stand-Up Comedy
491,t0255,Stand-Up Comedy
492,t0256,LGBTQ
493,t0257,Thrillers
494,t0257,Kids' TV
495,t0258,Sports
496,t0258,Documentaries
497,t0259,Horror Movies
498,t0259,Crime
499,t0260,Documentaries
500,t0260,Action & Adventure
501,t0261,Action & Adventure
502,t0261,Thrillers
503,t0262,Action & Adventure
504,t0263,Sci-Fi & Fantasy
505,t0263,Romantic Movies
506,t0263,Crime
507,t0264,Crime
508,t0265,Thrillers
509,t0265,Horror Movies
510,t0266,Sports
511,t0266,Stand-Up Comedy
512,t0266,International
513,t0267,Kids' TV
514,t0267,Comedies
515,t0267,Independent
516,t0268,LGBTQ
517,t0269,Horror Movies
518,t0270,Classic
519,t0271,Sports
520,t0271,Romantic Movies
521,t0272,Comedies
522,t0273,Comedies
523,t0273,Romantic Movies
524,t0274,Independent
525,t0275,Romantic Movies
526,t0275,Sci-Fi & Fantasy
527,t0276,International
528,t0276,Reality TV
529,t0276,Crime
530,t0277,Sci-Fi & Fantasy
531,t0277,Romantic Movies
532,t0277,Stand-Up Comedy
533,t0278,Independent
534,t0279,LGBTQ
535,t0279,Dramas
536,t0279,Sports
537,t0280,International
538,t0281,Dramas
539,t0281,LGBTQ
540,t0281,Thrillers
541,t0282,Stand-Up Comedy
542,t0282,Anime
543,t0283,Sports
544,t0283,Documentaries
545,t0284,Thrillers
546,t0284,Independent
547,t0285,Stand-Up Comedy
548,t0286,Independent
549,t0287,Sports
550,t0288,Kids' TV
551,t0289,Independent
552,t0290,Thrillers
553,t0290,Documentaries
554,t0290,Crime
555,t0291,Action & Adventure
556,t0291,Music & Musicals
557,t0292,Crime
558,t0292,Classic
559,t0293,Documentaries
560,t0294,LGBTQ
561,t0294,Comedies
562,t0295,Documentaries
563,t0295,Kids' TV
564,t0295,Classic
565,t0296,Kids' TV
566,t0296,Thrillers
567,t0297,Romantic Movies
568,t0297,Horror Movies
569,t0297,Anime
570,t0298,International
571,t0298,Independent
572,t0299,Sports
573,t0299,Kids' TV
574,t0299,Comedies
575,t0300,Action & Adventure
576,t0300,Comedies
577,t0300,LGBTQ
578,t0301,Kids' TV
579,t0302,International
580,t0302,LGBTQ
581,t0303,Anime
582,t0304,Sports
583,t0305,Comedies
584,t0305,Stand-Up Comedy
585,t0305,Independent
586,t0306,Classic
587,t0307,Music & Musicals
588,t0307,Kids' TV
589,t0307,Anime
590,t0308,Anime
591,t0308,LGBTQ
592,t0308,Music & Musicals
593,t0309,Romantic Movies
594,t0310,Dramas
595,t0311,Thrillers
596,t0311,Documentaries
597,t0311,Independent
598,t0312,Reality TV
599,t0313,Independent
600,t0314,Stand-Up Comedy
601,t0315,Independent
602,t0315,Sports
603,t0315,Thrillers
604,t0316,Thrillers
605,t0316,Crime
606,t0317,Sci-Fi & Fantasy
607,t0318,Music & Musicals
608,t0319,Documentaries
609,t0320,Stand-Up Comedy
610,t0321,Sports
611,t0322,Music & Musicals
612,t0322,Comedies
613,t0323,Sci-Fi & Fantasy
614,t0323,Crime
615,t0324,Music & Musicals
616,t0324,LGBTQ
617,t0324,Comedies
618,t0325,Dramas
619,t0326,Comedies
620,t0326,Sci-Fi & Fantasy
621,t0327,Kids' TV
622,t0327,Stand-Up Comedy
623,t0327,Anime
624,t0328,Documentaries
625,t0328,Comedies
626,t0328,Action & Adventure
627,t0329,Horror Movies
628,t0330,Romantic Movies
629,t0331,LGBTQ
630,t0332,Thrillers
631,t0332,LGBTQ
632,t0333,Independent
633,t0333,Comedies
634,t0334,Thrillers
635,t0334,Dramas
636,t0334,Documentaries
637,t0335,Reality TV
638,t0335,Crime
639,t0335,Kids' TV
640,t0336,Reality TV
641,t0336,Sci-Fi & Fantasy
642,t0336,Music & Musicals
643,t0337,Kids' TV
644,t0338,Stand-Up Comedy
645,t0338,Sports
646,t0338,Independent
647,t0339,Thrillers
648,t0339,Horror Movies
649,t0339,Action & Adventure
650,t0340,Crime
651,t0340,Anime
652,t0341,Crime
653,t0342,Comedies
654,t0342,Anime
655,t0342,LGBTQ
656,t0343,LGBTQ
657,t0344,Horror Movies
658,t0345,Comedies
659,t0345,Horror Movies
660,t0346,Stand-Up Comedy
661,t0346,Comedies
662,t0346,Documentaries
663,t0347,Kids' TV
664,t0347,Anime
665,t0348,Anime
666,t0348,Thrillers
667,t0349,Sci-Fi & Fantasy
668,t0350,Documentaries
669,t0350,Sci-Fi & Fantasy
670,t0350,Comedies
671,t0351,Comedies
672,t0352,LGBTQ
673,t0353,Sports
674,t0353,Crime
675,t0354,Horror Movies
676,t0354,Action & Adventure
677,t0354,Thrillers
678,t0355,Documentaries
679,t0356,Music & Musicals
680,t0356,Stand-Up Comedy
681,t0356,Anime
682,t0357,Sports
683,t0357,Thrillers
684,t0357,Sci-Fi & Fantasy
685,t0358,Dramas
686,t0358,Classic
687,t0358,Comedies
688,t0359,Comedies
689,t0360,Dramas
690,t0361,Crime
691,t0361,Independent
692,t0362,Crime
693,t0362,Action & Adventure
694,t0363,Sports
695,t0363,Music & Musicals
696,t0364,Dramas
697,t0364,Crime
698,t0364,Comedies
699,t0365,Anime
700,t0366,Reality TV
701,t0366,LGBTQ
702,t0366,Thrillers
703,t0367,Romantic Movies
704,t0367,Documentaries
705,t0367,Music & Musicals
706,t0368,Crime
707,t0368,Action & Adventure
708,t0368,Stand-Up Comedy
709,t0369,Anime
710,t0369,Comedies
711,t0370,Crime
712,t0370,Kids' TV
713,t0370,Sports
714,t0371,LGBTQ
715,t0371,Stand-Up Comedy
716,t0372,Crime
717,t0373,Crime
718,t0373,Stand-Up Comedy
719,t0374,Classic
720,t0374,Reality TV
721,t0375,Documentaries
722,t0375,Romantic Movies
723,t0375,Stand-Up Comedy
724,t0376,Independent
725,t0376,Music & Musicals
726,t0376,Stand-Up Comedy
727,t0377,Comedies
728,t0377,Independent
729,t0377,Action & Adventure
730,t0378,Independent
731,t0378,Reality TV
732,t0378,Music & Musicals
733,t0379,Thrillers
734,t0380,Sports
735,t0381,Reality TV
736,t0381,Sports
737,t0382,Thrillers
738,t0382,Independent
739,t0383,Horror Movies
740,t0384,Reality TV
741,t0385,Independent
742,t0386,Anime
743,t0386,Stand-Up Comedy
744,t0387,Kids' TV
745,t0387,Horror Movies
746,t0387,LGBTQ
747,t0388,Romantic Movies
748,t0389,Comedies
749,t0389,Romantic Movies
750,t0389,Thrillers
751,t0390,Dramas
752,t0390,LGBTQ
753,t0391,Classic
754,t0391,Anime
755,t0391,Documentaries
756,t0392,Dramas
757,t0392,Independent
758,t0392,Horror Movies
759,t0393,Comedies
760,t0393,Documentaries
761,t0394,Horror Movies
762,t0394,Comedies
763,t0394,Romantic Movies
764,t0395,LGBTQ
765,t0396,Documentaries
766,t0396,Sports
767,t0397,Sports
768,t0397,Horror Movies
769,t0397,Crime
770,t0398,Stand-Up Comedy
771,t0398,Dramas
772,t0399,Reality TV
773,t0400,Kids' TV
774,t0401,Kids' TV
775,t0401,Anime
776,t0401,Reality TV
777,t0402,Stand-Up Comedy
778,t0403,Reality TV
779,t0403,Anime
780,t0404,Thrillers
781,t0404,International
782,t0404,Stand-Up Comedy
783,t0405,Documentaries
784,t0405,LGBTQ
785,t0406,Dramas
786,t0407,Romantic Movies
787,t0408,Classic
788,t0408,Music & Musicals
789,t0408,Sci-Fi & Fantasy
790,t0409,Independent
791,t0410,Sports
792,t0410,International
793,t0411,Reality TV
794,t0411,Horror Movies
795,t0412,Music & Musicals
796,t0413,Comedies
797,t0413,Documentaries
798,t0414,Reality TV
799,t0415,Sci-Fi & Fantasy
800,t0415,Horror Movies
801,t0415,Kids' TV
802,t0416,Kids' TV
803,t0416,Sports
804,t0417,Stand-Up Comedy
805,t0417,Romantic Movies
806,t0418,Thrillers
807,t0419,LGBTQ
808,t0420,Crime
809,t0420,Kids' TV
810,t0421,Horror Movies
811,t0421,Kids' TV
812,t0421,Anime
813,t0422,Independent
814,t0422,Romantic Movies
815,t0422,International
816,t0423,Classic
817,t0423,Horror Movies
818,t0424,Independent
819,t0424,Crime
820,t0425,Thrillers
821,t0425,Romantic Movies
822,t0426,International
823,t0426,Action & Adventure
824,t0426,Reality TV
825,t0427,Sci-Fi & Fantasy
826,t0428,Documentaries
827,t0428,Music & Musicals
828,t0428,Kids' TV
829,t0429,International
830,t0430,LGBTQ
831,t0431,Dramas
832,t0431,Reality TV
833,t0432,Stand-Up Comedy
834,t0432,Anime
835,t0433,Documentaries
836,t0434,Stand-Up Comedy
837,t0434,Horror Movies
838,t0434,Sports
839,t0435,Comedies
840,t0435,Classic
841,t0435,Stand-Up Comedy
842,t0436,Dramas
843,t0436,Crime
844,t0436,LGBTQ
845,t0437,Stand-Up Comedy
846,t0437,Action & Adventure
847,t0438,Music & Musicals
848,t0438,Reality TV
849,t0438,Thrillers
850,t0439,Sports
851,t0439,Dramas
852,t0439,Romantic Movies
853,t0440,Music & Musicals
854,t0440,Sci-Fi & Fantasy
855,t0441,Kids' TV
856,t0441,Romantic Movies
857,t0442,Reality TV
858,t0442,Comedies
859,t0442,Sports
860,t0443,Crime
861,t0443,Documentaries
862,t0444,Thrillers
863,t0444,Documentaries
864,t0445,Romantic Movies
865,t0446,Thrillers
866,t0446,International
867,t0446,Crime
868,t0447,Reality TV
869,t0448,Reality TV
870,t0448,Dramas
871,t0448,Stand-Up Comedy
872,t0449,Sports
873,t0449,International
874,t0449,Horror Movies
875,t0450,Classic
876,t0450,Sci-Fi & Fantasy
877,t0451,Anime
878,t0452,Stand-Up Comedy
879,t0452,Dramas
880,t0453,Kids' TV
881,t0454,Dramas
882,t0455,Dramas
883,t0455,Action & Adventure
884,t0456,Independent
885,t0456,Comedies
886,t0456,Classic
887,t0457,Anime
888,t0457,Independent
889,t0458,Action & Adventure
890,t0458,Sci-Fi & Fantasy
891,t0458,Dramas
892,t0459,Anime
893,t0459,Independent
894,t0460,Kids' TV
895,t0461,Thrillers
896,t0461,International
897,t0461,Documentaries
898,t0462,Thrillers
899,t0463,International
900,t0464,Comedies
901,t0464,Sports
902,t0464,Sci-Fi & Fantasy
903,t0465,Classic
904,t0465,Reality TV
905,t0466,Independent
906,t0467,Romantic Movies
907,t0467,Stand-Up Comedy
908,t0468,Documentaries
909,t0468,Sports
910,t0468,Horror Movies
911,t0469,Classic
912,t0469,Kids' TV
913,t0469,Sports
914,t0470,Action & Adventure
915,t0470,Stand-Up Comedy
916,t0471,Thrillers
917,t0471,Reality TV
918,t0472,Crime
919,t0473,International
920,t0474,Music & Musicals
921,t0475,Dramas
922,t0475,Sci-Fi & Fantasy
923,t0476,Documentaries
924,t0476,Reality TV
925,t0477,Thrillers
926,t0477,Romantic Movies
927,t0478,Dramas
928,t0478,Classic
929,t0478,Sports
930,t0479,LGBTQ
931,t0479,Anime
932,t0480,Reality TV
933,t0480,Crime
934,t0480,LGBTQ
935,t0481,Sci-Fi & Fantasy
936,t0481,Romantic Movies
937,t0482,Sci-Fi & Fantasy
938,t0482,Action & Adventure
939,t0483,Dramas
940,t0483,Reality TV
941,t0484,Dramas
942,t0485,Romantic Movies
943,t0486,Classic
944,t0486,Kids' TV
945,t0487,Documentaries
946,t0488,Sports
947,t0488,Thrillers
948,t0488,Romantic Movies
949,t0489,Comedies
950,t0490,Classic
951,t0491,International
952,t0491,Dramas
953,t0491,Action & Adventure
954,t0492,Anime
955,t0493,Stand-Up Comedy
956,t0493,Reality TV
957,t0493,Action & Adventure
958,t0494,Reality TV
959,t0494,Dramas
960,t0494,Stand-Up Comedy
961,t0495,Kids' TV
962,t0495,Romantic Movies
963,t0496,Anime
964,t0496,Action & Adventure
965,t0496,Reality TV
966,t0497,Action & Adventure
967,t0497,Kids' TV
968,t0498,Music & Musicals
969,t0499,Comedies
970,t0499,Thrillers
971,t0499,Romantic Movies
972,t0500,Reality TV
973,t0500,Stand-Up Comedy
974,t0501,Sports
975,t0501,Anime
976,t0502,Comedies
977,t0502,Reality TV
978,t0503,LGBTQ
979,t0503,Documentaries
980,t0504,Dramas
981,t0504,Stand-Up Comedy
982,t0504,Classic
983,t0505,Kids' TV
984,t0506,Horror Movies
985,t0507,Music & Musicals
986,t0507,Sci-Fi & Fantasy
987,t0508,Dramas
988,t0508,Classic
989,t0508,Sports
990,t0509,International
991,t0510,Dramas
992,t0511,Classic
993,t0512,Documentaries
994,t0513,Anime
995,t0514,Documentaries
996,t0514,Kids' TV
997,t0515,Reality TV
998,t0516,Horror Movies
999,t0516,Sports
1000,t0516,International
1001,t0517,Stand-Up Comedy
1002,t0517,Thrillers
1003,t0517,Horror Movies
1004,t0518,Thrillers
1005,t0518,Anime
1006,t0518,Romantic Movies
1007,t0519,Reality TV
1008,t0520,Sports
1009,t0520,Comedies
1010,t0521,Kids' TV
1011,t0521,Classic
1012,t0522,Sports
1013,t0522,Stand-Up Comedy
1014,t0522,Music & Musicals
1015,t0523,Independent
1016,t0524,Independent
1017,t0525,Stand-Up Comedy
1018,t0525,Sci-Fi & Fantasy
1019,t0525,Anime
1020,t0526,Sci-Fi & Fantasy
1021,t0527,Action & Adventure
1022,t0527,Comedies
1023,t0528,Anime
1024,t0528,Romantic Movies
1025,t0528,Sci-Fi & Fantasy
1026,t0529,Anime
1027,t0529,Reality TV
1028,t0530,Stand-Up Comedy
1029,t0530,Kids' TV
1030,t0531,Romantic Movies
1031,t0531,Independent
1032,t0531,Kids' TV
1033,t0532,Classic
1034,t0533,Kids' TV
1035,t0533,Romantic Movies
1036,t0533,Reality TV
1037,t0534,Documentaries
1038,t0535,International
1039,t0536,Independent
1040,t0536,Thrillers
1041,t0537,Horror Movies
1042,t0538,Dramas
1043,t0538,Comedies
1044,t0538,Music & Musicals
1045,t0539,Dramas
1046,t0540,Music & Musicals
1047,t0541,Sci-Fi & Fantasy
1048,t0541,Horror Movies
1049,t0542,Crime
1050,t0542,Reality TV
1051,t0543,Stand-Up Comedy
1052,t0543,Romantic Movies
1053,t0543,Horror Movies
1054,t0544,LGBTQ
1055,t0544,Thrillers
1056,t0544,Crime
1057,t0545,Comedies
1058,t0545,Reality TV
1059,t0546,Documentaries
1060,t0546,Music & Musicals
1061,t0547,Dramas
1062,t0548,Action & Adventure
1063,t0549,Sports
1064,t0550,Thrillers
1065,t0550,Kids' TV
1066,t0550,Romantic Movies
1067,t0551,International
1068,t0551,Thrillers
1069,t0551,Horror Movies
1070,t0552,Stand-Up Comedy
1071,t0552,Anime
1072,t0553,LGBTQ
1073,t0553,Sci-Fi & Fantasy
1074,t0554,Sci-Fi & Fantasy
1075,t0555,Horror Movies
1076,t0555,LGBTQ
1077,t0555,Crime
1078,t0556,Anime
1079,t0556,International
1080,t0557,Reality TV
1081,t0557,Sci-Fi & Fantasy
1082,t0557,Music & Musicals
1083,t0558,Music & Musicals
1084,t0558,International
1085,t0558,Anime
1086,t0559,Action & Adventure
1087,t0559,Thrillers
1088,t0560,Kids' TV
1089,t0561,LGBTQ
1090,t0562,Reality TV
1091,t0563,Comedies
1092,t0564,Classic
1093,t0564,Sci-Fi & Fantasy
1094,t0565,Kids' TV
1095,t0565,Thrillers
1096,t0565,Sports
1097,t0566,Reality TV
1098,t0566,Music & Musicals
1099,t0567,International
1100,t0567,Comedies
1101,t0567,Anime
1102,t0568,Comedies
1103,t0569,Action & Adventure
1104,t0570,Sci-Fi & Fantasy
1105,t0570,Romantic Movies
1106,t0570,Music & Musicals
1107,t0571,Kids' TV
1108,t0571,LGBTQ
1109,t0571,Sports
1110,t0572,International
1111,t0572,Sports
1112,t0573,Action & Adventure
1113,t0573,Documentaries
1114,t0574,Sci-Fi & Fantasy
1115,t0574,Thrillers
1116,t0575,Classic
1117,t0575,Horror Movies
1118,t0575,Dramas
1119,t0576,Comedies
1120,t0576,Stand-Up Comedy
1121,t0577,Music & Musicals
1122,t0577,LGBTQ
1123,t0578,Dramas
1124,t0578,Stand-Up Comedy
1125,t0578,Independent
1126,t0579,LGBTQ
1127,t0579,Dramas
1128,t0579,Anime
1129,t0580,Music & Musicals
1130,t0581,Music & Musicals
1131,t0582,Classic
1132,t0582,Romantic Movies
1133,t0582,Crime
1134,t0583,Anime
1135,t0583,Horror Movies
1136,t0584,Romantic Movies
1137,t0584,Documentaries
1138,t0585,Classic
1139,t0585,LGBTQ
1140,t0585,International
1141,t0586,Kids' TV
1142,t0586,Classic
1143,t0586,Thrillers
1144,t0587,Independent
1145,t0588,LGBTQ
1146,t0588,Action & Adventure
1147,t0588,Documentaries
1148,t0589,Action & Adventure
1149,t0589,Dramas
1150,t0590,Romantic Movies
1151,t0591,Romantic Movies
1152,t0591,Stand-Up Comedy
1153,t0591,Independent
1154,t0592,Comedies
1155,t0593,International
1156,t0593,Action & Adventure
1157,t0593,Comedies
1158,t0594,Romantic Movies
1159,t0595,Documentaries
1160,t0595,Crime
1161,t0595,Action & Adventure
1162,t0596,Thrillers
1163,t0597,Romantic Movies
1164,t0597,Anime
1165,t0597,Music & Musicals
1166,t0598,Romantic Movies
1167,t0599,Thrillers
1168,t0599,Comedies
1169,t0600,Independent
1170,t0600,Comedies
1171,t0600,Classic
1172,t0601,Independent
1173,t0602,LGBTQ
1174,t0602,Comedies
1175,t0603,Documentaries
1176,t0604,Sports
1177,t0604,Documentaries
1178,t0604,Horror Movies
1179,t0605,Anime
1180,t0605,Dramas
1181,t0605,Stand-Up Comedy
1182,t0606,Sci-Fi & Fantasy
1183,t0607,Crime
1184,t0607,Stand-Up Comedy
1185,t0608,Classic
1186,t0609,Stand-Up Comedy
1187,t0609,Reality TV
1188,t0609,Dramas
1189,t0610,Anime
1190,t0610,Sci-Fi & Fantasy
1191,t0610,International
1192,t0611,Reality TV
1193,t0611,Independent
1194,t0611,Sci-Fi & Fantasy
1195,t0612,Classic
1196,t0612,Comedies
1197,t0613,Sci-Fi & Fantasy
1198,t0613,LGBTQ
1199,t0613,Sports
1200,t0614,Anime
1201,t0614,Romantic Movies
1202,t0615,Documentaries
1203,t0615,Anime
1204,t0615,Sports
1205,t0616,Dramas
1206,t0616,Crime
1207,t0616,Stand-Up Comedy
1208,t0617,Documentaries
1209,t0617,LGBTQ
1210,t0618,Dramas
1211,t0618,Kids' TV
1212,t0619,LGBTQ
1213,t0619,Independent
1214,t0619,Documentaries
1215,t0620,Horror Movies
1216,t0620,LGBTQ
1217,t0621,Comedies
1218,t0621,Stand-Up Comedy
1219,t0622,Sci-Fi & Fantasy
1220,t0622,Independent
1221,t0623,Thrillers
1222,t0623,Documentaries
1223,t0624,Classic
1224,t0625,Horror Movies
1225,t0625,Crime
1226,t0626,Sports
1227,t0626,Documentaries
1228,t0627,Stand-Up Comedy
1229,t0628,Romantic Movies
1230,t0628,Classic
1231,t0629,Romantic Movies
1232,t0629,Music & Musicals
1233,t0629,Crime
1234,t0630,Crime
1235,t0630,Thrillers
1236,t0630,Stand-Up Comedy
1237,t0631,Reality TV
1238,t0631,Crime
1239,t0631,Independent
1240,t0632,Reality TV
1241,t0632,Independent
1242,t0633,Horror Movies
1243,t0634,Reality TV
1244,t0634,Sci-Fi & Fantasy
1245,t0634,Comedies
1246,t0635,Independent
1247,t0635,Horror Movies
1248,t0636,Thrillers
1249,t0637,Stand-Up Comedy
1250,t0637,Sci-Fi & Fantasy
1251,t0638,Independent
1252,t0638,Kids' TV
1253,t0639,Classic
1254,t0639,Reality TV
1255,t0639,Sports
1256,t0640,Classic
1257,t0640,Thrillers
1258,t0641,Independent
1259,t0641,Sports
1260,t0641,Dramas
1261,t0642,Action & Adventure
1262,t0642,Horror Movies
1263,t0642,Classic
1264,t0643,Horror Movies
1265,t0644,Music & Musicals
1266,t0645,Thrillers
1267,t0645,Crime
1268,t0645,Reality TV
1269,t0646,Reality TV
1270,t0646,Comedies
1271,t0646,Documentaries
1272,t0647,Crime
1273,t0647,Dramas
1274,t0647,Sci-Fi & Fantasy
1275,t0648,Classic
1276,t0648,LGBTQ
1277,t0649,Reality TV
1278,t0650,Classic
1279,t0650,Crime
1280,t0651,Anime
1281,t0651,Classic
1282,t0651,Documentaries
1283,t0652,Reality TV
1284,t0652,Horror Movies
1285,t0652,Documentaries
1286,t0653,Comedies
1287,t0653,Classic
1288,t0654,Sports
1289,t0654,Dramas
1290,t0654,LGBTQ
1291,t0655,International
1292,t0655,Stand-Up Comedy
1293,t0656,Reality TV
1294,t0656,Comedies
1295,t0657,Sci-Fi & Fantasy
1296,t0657,Action & Adventure
1297,t0657,LGBTQ
1298,t0658,LGBTQ
1299,t0659,Independent
1300,t0659,Comedies
1301,t0659,Action & Adventure
1302,t0660,Stand-Up Comedy
1303,t0661,Thrillers
1304,t0662,LGBTQ
1305,t0662,Dramas
1306,t0662,Kids' TV
1307,t0663,Stand-Up Comedy
1308,t0663,Romantic Movies
1309,t0663,Classic
1310,t0664,Stand-Up Comedy
1311,t0664,International
1312,t0665,Documentaries
1313,t0666,Sci-Fi & Fantasy
1314,t0666,Reality TV
1315,t0666,International
1316,t0667,Sci-Fi & Fantasy
1317,t0667,Thrillers
1318,t0667,Romantic Movies
1319,t0668,Kids' TV
1320,t0668,Sports
1321,t0668,Horror Movies
1322,t0669,Documentaries
1323,t0669,Comedies
1324,t0670,Reality TV
1325,t0670,International
1326,t0671,Documentaries
1327,t0671,Stand-Up Comedy
1328,t0671,Comedies
1329,t0672,Stand-Up Comedy
1330,t0672,Thrillers
1331,t0672,Dramas
1332,t0673,International
1333,t0674,Documentaries
1334,t0674,Dramas
1335,t0674,Music & Musicals
1336,t0675,Kids' TV
1337,t0675,Anime
1338,t0675,LGBTQ
1339,t0676,Independent
1340,t0676,Comedies
1341,t0676,Documentaries
1342,t0677,Music & Musicals
1343,t0678,Music & Musicals
1344,t0678,Sci-Fi & Fantasy
1345,t0678,Horror Movies
1346,t0679,Music & Musicals
1347,t0680,Dramas
1348,t0680,Crime
1349,t0680,Sci-Fi & Fantasy
1350,t0681,Action & Adventure
1351,t0681,Thrillers
1352,t0682,Action & Adventure
1353,t0682,Comedies
1354,t0682,Anime
1355,t0683,International
1356,t0684,Crime
1357,t0684,Stand-Up Comedy
1358,t0685,Documentaries
1359,t0685,Crime
1360,t0685,Comedies
1361,t0686,International
1362,t0686,Stand-Up Comedy
1363,t0687,Horror Movies
1364,t0687,Documentaries
1365,t0687,Music & Musicals
1366,t0688,Stand-Up Comedy
1367,t0688,Romantic Movies
1368,t0688,Comedies
1369,t0689,Music & Musicals
1370,t0690,Documentaries
1371,t0690,Sports
1372,t0691,International
1373,t0692,Kids' TV
1374,t0692,Sports
1375,t0693,Action & Adventure
1376,t0694,Kids' TV
1377,t0694,Horror Movies
1378,t0694,Crime
1379,t0695,Anime
1380,t0695,LGBTQ
1381,t0696,Comedies
1382,t0697,Action & Adventure
1383,t0698,LGBTQ
1384,t0698,Music & Musicals
1385,t0698,Comedies
1386,t0699,Music & Musicals
1387,t0699,Classic
1388,t0700,International
1389,t0700,Comedies
1390,t0700,Independent
1391,t0701,Sci-Fi & Fantasy
1392,t0702,Kids' TV
1393,t0702,Dramas
1394,t0702,Horror Movies
1395,t0703,Anime
1396,t0703,Kids' TV
1397,t0703,LGBTQ
1398,t0704,Independent
1399,t0704,Crime
1400,t0704,Music & Musicals
1401,t0705,Horror Movies
1402,t0706,Independent
1403,t0707,Crime
1404,t0707,Independent
1405,t0708,Stand-Up Comedy
1406,t0709,LGBTQ
1407,t0709,Sports
1408,t0709,Music & Musicals
1409,t0710,Thrillers
1410,t0710,Independent
1411,t0710,Horror Movies
1412,t0711,International
1413,t0712,Romantic Movies
1414,t0713,Music & Musicals
1415,t0714,Classic
1416,t0715,Comedies
1417,t0715,Kids' TV
1418,t0716,Stand-Up Comedy
1419,t0717,Comedies
1420,t0717,International
1421,t0718,Documentaries
1422,t0718,Romantic Movies
1423,t0718,Music & Musicals
1424,t0719,Stand-Up Comedy
1425,t0719,Action & Adventure
1426,t0720,Reality TV
1427,t0721,Sci-Fi & Fantasy
1428,t0721,Horror Movies
1429,t0721,Kids' TV
1430,t0722,LGBTQ
1431,t0723,LGBTQ
1432,t0723,Reality TV
1433,t0723,Kids' TV
1434,t0724,Reality TV
1435,t0724,Anime
1436,t0725,Stand-Up Comedy
1437,t0725,Horror Movies
1438,t0726,International
1439,t0726,LGBTQ
1440,t0726,Crime
1441,t0727,Action & Adventure
1442,t0727,Kids' TV
1443,t0727,Crime
1444,t0728,Classic
1445,t0729,Comedies
1446,t0729,Independent
1447,t0729,Anime
1448,t0730,Documentaries
1449,t0731,Comedies
1450,t0731,LGBTQ
1451,t0731,Thrillers
1452,t0732,International
1453,t0732,Sports
1454,t0732,Documentaries
1455,t0733,Sci-Fi & Fantasy
1456,t0733,Documentaries
1457,t0734,Sci-Fi & Fantasy
1458,t0735,Anime
1459,t0736,Romantic Movies
1460,t0737,Sports
1461,t0738,Crime
1462,t0739,Thrillers
1463,t0739,Dramas
1464,t0739,Classic
1465,t0740,Action & Adventure
1466,t0740,Documentaries
1467,t0741,Comedies
1468,t0741,Crime
1469,t0741,Documentaries
1470,t0742,Documentaries
1471,t0743,Kids' TV
1472,t0743,Action & Adventure
1473,t0744,Crime
1474,t0745,Reality TV
1475,t0745,Music & Musicals
1476,t0746,LGBTQ
1477,t0746,Classic
1478,t0746,Horror Movies
1479,t0747,Music & Musicals
1480,t0748,Dramas
1481,t0748,International
1482,t0748,Romantic Movies
1483,t0749,International
1484,t0750,Independent
1485,t0750,Comedies
1486,t0750,Classic
1487,t0751,Horror Movies
1488,t0751,Comedies
1489,t0752,Sci-Fi & Fantasy
1490,t0752,Thrillers
1491,t0752,Kids' TV
1492,t0753,Sci-Fi & Fantasy
1493,t0753,Independent
1494,t0753,Documentaries
1495,t0754,Reality TV
1496,t0755,Sci-Fi & Fantasy
1497,t0756,Romantic Movies
1498,t0756,Sports
1499,t0757,Independent
1500,t0757,Classic
1501,t0757,Romantic Movies
1502,t0758,Dramas
1503,t0758,Anime
1504,t0758,Crime
1505,t0759,Stand-Up Comedy
1506,t0759,Romantic Movies
1507,t0759,Independent
1508,t0760,Independent
1509,t0760,Romantic Movies
1510,t0760,Sci-Fi & Fantasy
1511,t0761,Classic
1512,t0761,Thrillers
1513,t0761,Sci-Fi & Fantasy
1514,t0762,Romantic Movies
1515,t0763,Comedies
1516,t0764,Independent
1517,t0764,Reality TV
1518,t0765,Documentaries
1519,t0766,Romantic Movies
1520,t0766,Sci-Fi & Fantasy
1521,t0767,Action & Adventure
1522,t0767,Classic
1523,t0768,Crime
1524,t0768,Romantic Movies
1525,t0769,Horror Movies
1526,t0770,Sports
1527,t0771,Kids' TV
1528,t0771,Comedies
1529,t0772,Documentaries
1530,t0773,LGBTQ
1531,t0773,Comedies
1532,t0773,Documentaries
1533,t0774,Reality TV
1534,t0775,Independent
1535,t0775,Anime
1536,t0775,Comedies
1537,t0776,Sports
1538,t0776,Reality TV
1539,t0776,LGBTQ
1540,t0777,Classic
1541,t0777,Action & Adventure
1542,t0778,Horror Movies
1543,t0778,LGBTQ
1544,t0779,Dramas
1545,t0779,Crime
1546,t0780,Reality TV
1547,t0780,Documentaries
1548,t0780,Classic
1549,t0781,LGBTQ
1550,t0782,Sports
1551,t0783,Romantic Movies
1552,t0784,Sports
1553,t0784,Action & Adventure
1554,t0784,Comedies
1555,t0785,Romantic Movies
1556,t0786,Independent
1557,t0786,Reality TV
1558,t0786,Anime
1559,t0787,Romantic Movies
1560,t0787,Anime
1561,t0787,Horror Movies
1562,t0788,Anime
1563,t0788,Independent
1564,t0788,Crime
1565,t0789,Music & Musicals
1566,t0790,LGBTQ
1567,t0791,Anime
1568,t0791,Independent
1569,t0792,Dramas
1570,t0792,LGBTQ
1571,t0792,Romantic Movies
1572,t0793,Action & Adventure
1573,t0793,Documentaries
1574,t0793,Kids' TV
1575,t0794,Kids' TV
1576,t0794,Action & Adventure
1577,t0795,Thrillers
1578,t0795,LGBTQ
1579,t0796,Sci-Fi & Fantasy
1580,t0797,Sci-Fi & Fantasy
1581,t0797,Documentaries
1582,t0798,Sci-Fi & Fantasy
1583,t0799,International
1584,t0799,Reality TV
1585,t0800,Documentaries
1586,t0800,Reality TV
1587,t0800,Anime
1588,t0016,Anime
1589,t0016,Thrillers
1590,t0143,Documentaries
1591,t0143,Classic
