title_id,type,title,director,country,date_added,release_year,content_rating,duration
t0001,Movie,Above War,Guillermo del Toro,Nigeria,2021-04-11,2018,PG,179 min
t0002,Movie,Modern Dream,David Fincher,Canada,2016-01-07,2021,TV-MA,138 min
t0003,Movie,The Life Season,Céline Sciamma,Nigeria,2017-09-17,2010,,146 min
t0004,Movie,Under Days,Wes Anderson,Nigeria,2022-05-06,1997,PG-13,105 min
t0005,Movie,Lost Kingdom,,India,2018-04-06,2023,TV-14,119 min
t0006,Movie,Last Legends,Martin Scorsese,Japan,2017-03-24,2019,,169 min
t0007,Movie,Eternal Water Season,Greta Gerwig,Brazil,2020-06-17,2014,TV-Y7,92 min
t0008,TV Show,The Water Chronicles,Chloe Zhao,Japan,2021-08-24,2003,TV-MA,5 Seasons
t0009,TV Show,Beyond Hearts,,Spain,,2012,TV-PG,5 Seasons
t0010,TV Show,Beyond Fire,,Spain,2020-06-04,2003,G,3 Seasons
t0011,Movie,Rising Moons,Anurag Kashyap,Nigeria,2019-05-10,2008,TV-Y7,182 min
t0012,Movie,Wild Night Chronicles,Bong Joon-ho,Egypt,2021-09-09,2021,TV-Y7,132 min
t0013,Movie,The Heart: Origins,Ava DuVernay,,2017-04-15,2012,TV-PG,165 min
t0014,Movie,Above Legend,Kathryn Bigelow,South Korea,2016-07-20,2022,R,184 min
t0015,TV Show,Ancient Suns,Pedro Almodóvar,United Kingdom,2015-05-18,2017,TV-PG,1 Seasons
t0016,TV Show,Lost House Season,Sofia Coppola,United States,2018-10-31,2018,PG-13,6 Seasons
t0017,Movie,Lost Hearts,Hayao Miyazaki,Australia,2015-02-20,2020,PG,147 min
t0018,Movie,Falling Life,,Egypt,,2023,NR,80 min
t0019,TV Show,The Mystery: Origins,,Nigeria,2020-06-14,2022,PG,5 Seasons
t0020,Movie,Beyond House: Origins,,France,2017-09-16,2013,R,111 min
t0021,Movie,Sacred Detective,Hayao Miyazaki,Japan,2016-07-05,2010,PG-13,133 min
t0022,Movie,Secret City,Bong Joon-ho,Germany,2020-10-30,1994,NR,133 min
t0023,Movie,Forgotten Kingdom,,United States,2022-04-13,2009,TV-MA,171 min
t0024,TV Show,Dark Sun,Jane Campion,France,2016-04-17,2015,TV-MA,8 Seasons
t0025,TV Show,Broken Journey: Origins,Zhang Yimou,Nigeria,2020-12-30,2023,TV-Y,1 Seasons
t0026,Movie,Silent War Season,,United States,2023-02-06,2018,R,119 min
t0027,Movie,Dark World,Anurag Kashyap,Brazil,2022-04-21,2023,R,96 min
t0028,Movie,The Mystery,,Italy,2023-01-21,2015,TV-14,179 min
t0029,Movie,Eternal Legend,Greta Gerwig,Nigeria,2015-05-24,2016,PG,92 min
t0030,TV Show,Hidden War,Zhang Yimou,Nigeria,2020-07-10,2022,PG-13,2 Seasons
t0031,TV Show,Wild Family Chronicles,Kathryn Bigelow,Egypt,2021-11-01,2017,NR,4 Seasons
t0032,Movie,Falling Secret,Céline Sciamma,United Kingdom,2021-01-13,1997,PG-13,75 min
t0033,TV Show,Last Journey Season,Wes Anderson,Egypt,2023-12-23,2000,TV-MA,7 Seasons
t0034,TV Show,A Water Chronicles,,Australia,2016-06-14,2008,PG,1 Seasons
t0035,TV Show,Ancient Story of Time,Sofia Coppola,,2016-05-17,2021,G,9 Seasons
t0036,Movie,Modern Water,,South Korea,2022-01-29,2020,TV-PG,138 min
t0037,Movie,Golden Water of Time,Greta Gerwig,South Korea,2018-07-14,2009,PG-13,184 min
t0038,Movie,Golden Secret,Martin Scorsese,Turkey,2022-11-27,2023,G,86 min
t0039,Movie,Golden Songs,Martin Scorsese,,2018-11-07,2016,TV-PG,134 min
t0040,Movie,Broken Detective Chronicles,Anurag Kashyap,South Korea,2016-04-15,2015,R,96 min
t0041,Movie,Sacred Love of Time,Martin Scorsese,India,2019-10-13,2004,R,135 min
t0042,Movie,Broken Shadow,Wes Anderson,Brazil,2017-03-10,2005,R,147 min
t0043,TV Show,Dark World Chronicles,Ridley Scott,Australia,2017-11-23,2019,TV-PG,5 Seasons
t0044,Movie,Lost Song: Reborn,Anurag Kashyap,,2023-02-07,2019,TV-Y,93 min
t0045,Movie,Secret Water,Denis Villeneuve,Brazil,2022-06-21,2016,TV-14,108 min
t0046,TV Show,Dark Moons,Hayao Miyazaki,Nigeria,2021-06-12,2005,TV-14,1 Seasons
t0047,Movie,Secret Day,Kathryn Bigelow,Japan,2018-02-03,2021,NR,185 min
t0048,TV Show,Broken Secret Season,Barry Jenkins,India,2015-07-04,2016,PG-13,7 Seasons
t0049,Movie,Wild Peace,Pedro Almodóvar,Mexico,,2020,TV-PG,137 min
t0050,Movie,A Legend Files,,Australia,2022-09-04,2022,PG,119 min
t0051,Movie,A Nights,David Fincher,Spain,2023-06-22,2001,PG,101 min
t0052,Movie,Falling Storms,Greta Gerwig,China,2015-08-02,2019,R,115 min
t0053,TV Show,Wild World Chronicles,,Mexico,2020-12-14,2018,TV-Y7,3 Seasons
t0054,Movie,Forgotten Water,Ava DuVernay,Spain,2023-02-17,2019,TV-MA,142 min
t0055,Movie,Last Love,Anurag Kashyap,Germany,2015-02-08,1999,G,104 min
t0056,Movie,Rising Mystery of Time,Barry Jenkins,United Kingdom,2019-03-09,2014,TV-Y,131 min
t0057,Movie,Beyond Song Chronicles,Chloe Zhao,Canada,2023-05-20,2012,R,103 min
t0058,Movie,Forgotten Star Season,David Fincher,United States,2015-12-07,2006,TV-14,125 min
t0059,TV Show,Wild Storm of Time,Wes Anderson,Japan,2020-07-19,2014,TV-Y7,6 Seasons
t0060,Movie,Secret Journey Files,Kathryn Bigelow,Turkey,2018-06-02,1992,NR,128 min
t0061,Movie,Forgotten Mystery Files,Céline Sciamma,Canada,2017-03-09,2014,TV-MA,164 min
t0062,Movie,Broken Star: Origins,Sofia Coppola,,2015-08-25,2021,TV-14,139 min
t0063,Movie,Secret Heart,Greta Gerwig,Italy,2016-03-07,2007,G,185 min
t0064,Movie,Sacred Legend: Reborn,Barry Jenkins,United Kingdom,2020-02-24,2022,R,120 min
t0065,TV Show,Above Day,,United States,2019-03-29,2014,TV-PG,2 Seasons
t0066,Movie,Beyond House Chronicles,Ridley Scott,Mexico,2016-10-26,2022,TV-14,151 min
t0067,Movie,Broken Dream Season,,India,2016-09-28,2005,NR,169 min
t0068,Movie,Ancient Night of Time,Hayao Miyazaki,Mexico,2023-01-16,2023,TV-Y7,130 min
t0069,Movie,Secret House,Bong Joon-ho,Spain,2019-07-08,2006,PG-13,187 min
t0070,TV Show,Last Song,Ava DuVernay,Egypt,2023-11-30,2014,PG-13,9 Seasons
t0071,Movie,Broken Life: Reborn,,Nigeria,2016-10-06,2020,G,123 min
t0072,Movie,Broken Kingdom of Time,Greta Gerwig,United Kingdom,2016-09-09,2018,PG,143 min
t0073,TV Show,Falling Chronicle,Sofia Coppola,United Kingdom,2015-12-06,2014,PG-13,9 Seasons
t0074,Movie,Wild Legend: Origins,Zhang Yimou,China,2016-10-07,1997,TV-PG,176 min
t0075,Movie,Above Worlds,Martin Scorsese,Egypt,2019-06-03,2018,TV-MA,156 min
t0076,TV Show,Ancient Storm: Origins,Zhang Yimou,Australia,2023-12-19,2017,TV-Y,4 Seasons
t0077,Movie,Secret Chronicle: Origins,Wes Anderson,Brazil,2023-03-15,2002,TV-PG,84 min
t0078,Movie,Above Stars,,,2019-07-06,2014,R,74 min
t0079,TV Show,Silent Sun of Time,Ridley Scott,Italy,2019-10-16,2020,R,9 Seasons
t0080,TV Show,Ancient Night,Guillermo del Toro,China,2023-11-09,2012,TV-Y7,4 Seasons
t0081,TV Show,Last Life,Zhang Yimou,Nigeria,2021-11-09,2018,G,3 Seasons
t0082,TV Show,Forgotten Kingdom,Bong Joon-ho,Egypt,2022-12-05,2019,R,4 Seasons
t0083,Movie,Silent Journey,Zhang Yimou,,2016-05-23,2004,R,127 min
t0084,Movie,The Chronicle,Ava DuVernay,Turkey,2016-05-17,2005,TV-14,189 min
t0085,Movie,Silent Chronicle,Ridley Scott,United States,2019-07-11,2013,G,93 min
t0086,Movie,Broken Legend,,Australia,2021-05-21,2021,TV-PG,121 min
t0087,Movie,Dark Peace: Reborn,Chloe Zhao,Italy,2020-07-30,2015,PG-13,146 min
t0088,TV Show,Falling Legend,Sofia Coppola,Australia,2016-04-25,2010,PG-13,2 Seasons
t0089,TV Show,Wild Stars,,Spain,2021-09-13,2013,TV-14,6 Seasons
t0090,Movie,Wild House Files,Bong Joon-ho,Turkey,2017-09-06,2014,TV-Y,139 min
t0091,Movie,Dark Hearts,Greta Gerwig,China,,2008,R,142 min
t0092,Movie,Above Detective,Jane Campion,Spain,2019-12-11,1993,TV-Y7,184 min
t0093,Movie,Rising Water of Time,Christopher Nolan,Turkey,2016-08-09,1991,G,189 min
t0094,Movie,Golden Dream,,Australia,2022-02-03,2010,TV-PG,100 min
t0095,Movie,Under Heart Chronicles,,France,2023-09-26,2020,TV-Y7,126 min
t0096,TV Show,Dark Star,,Canada,2019-03-06,2010,TV-14,9 Seasons
t0097,Movie,Falling Heart,Martin Scorsese,Mexico,2015-11-09,2014,TV-PG,126 min
t0098,Movie,Hidden Fire: Origins,Martin Scorsese,South Korea,2023-06-23,1993,NR,94 min
t0099,Movie,Broken Heart,Jane Campion,Egypt,2020-08-09,2016,G,77 min
t0100,TV Show,Ancient Life Chronicles,,China,2020-12-17,2009,TV-Y,3 Seasons
t0101,Movie,Forgotten Moon Season,Guillermo del Toro,India,2021-02-06,2022,TV-PG,98 min
t0102,Movie,Under Night Season,Martin Scorsese,,2021-10-28,2018,TV-Y,133 min
t0103,Movie,Under Dream: Reborn,Kathryn Bigelow,Egypt,2015-08-10,2021,TV-Y7,109 min
t0104,Movie,Ancient Song Season,,Turkey,2020-07-28,2019,TV-PG,158 min
t0105,Movie,Silent Storm Season,Christopher Nolan,,2023-07-16,2016,G,146 min
t0106,Movie,Lost Dream,Chloe Zhao,Germany,2019-10-05,2022,TV-14,189 min
t0107,TV Show,Secret Moon of Time,,India,2019-01-30,2018,NR,5 Seasons
t0108,TV Show,Beyond Detective of Time,Christopher Nolan,Turkey,2016-12-27,2021,PG,8 Seasons
t0109,Movie,Above Life: Origins,Barry Jenkins,Canada,2017-05-28,2006,TV-14,146 min
t0110,Movie,Last Moon,Hayao Miyazaki,France,2018-02-06,2012,R,116 min
t0111,Movie,Dark Kingdom: Reborn,David Fincher,Brazil,2017-09-13,2020,TV-MA,162 min
t0112,Movie,Rising Dream of Time,,India,2021-10-26,2013,TV-PG,100 min
t0113,Movie,Secret World Season,Greta Gerwig,Germany,2021-02-23,2014,G,103 min
t0114,TV Show,Wild Mystery: Reborn,Greta Gerwig,,,2018,TV-Y7,2 Seasons
t0115,TV Show,Eternal City: Reborn,Jane Campion,Germany,2015-10-02,2014,TV-MA,4 Seasons
t0116,Movie,Rising City: Origins,,France,2018-09-06,2004,TV-Y,106 min
t0117,Movie,Under Song Chronicles,Hayao Miyazaki,Mexico,2023-05-01,1992,R,113 min
t0118,TV Show,A Secret Season,Pedro Almodóvar,Australia,2019-07-15,1997,R,5 Seasons
t0119,TV Show,Last Detective,Barry Jenkins,Australia,2021-05-06,2012,TV-Y,5 Seasons
t0120,TV Show,Ancient Day Files,Bong Joon-ho,China,2022-01-13,2013,TV-MA,1 Seasons
t0121,TV Show,Last Chronicle Season,Martin Scorsese,France,2022-08-31,2009,G,9 Seasons
t0122,Movie,The Journey,Zhang Yimou,,2021-02-05,2022,R,120 min
t0123,Movie,The Legend of Time,Denis Villeneuve,Canada,2016-03-01,2018,NR,183 min
t0124,Movie,Sacred World,Ava DuVernay,Turkey,2019-08-27,2004,TV-PG,106 min
t0125,TV Show,Wild Shadow Season,Barry Jenkins,,2015-10-09,2013,R,2 Seasons
t0126,Movie,Beyond Story,Wes Anderson,France,2020-09-09,2021,PG-13,164 min
t0127,Movie,Last Song Chronicles,,Mexico,2016-05-29,2005,,149 min
t0128,Movie,Silent Story: Origins,Ridley Scott,South Korea,2023-11-13,2020,TV-MA,188 min
t0129,Movie,Eternal Songs,Martin Scorsese,Egypt,2018-12-31,1997,TV-Y7,163 min
t0130,Movie,Under Life Chronicles,Ridley Scott,France,2023-02-04,2021,TV-PG,149 min
t0131,TV Show,Rising Loves,,Germany,2021-03-28,2002,TV-Y7,5 Seasons
t0132,Movie,Golden Mystery,Christopher Nolan,United States,2015-11-28,2011,TV-PG,131 min
t0133,Movie,Golden Family Files,Sofia Coppola,Brazil,2016-07-26,2006,NR,170 min
t0134,Movie,Wild Family of Time,David Fincher,India,2017-02-11,1992,TV-14,190 min
t0135,TV Show,The Life,Kathryn Bigelow,France,2018-01-15,2012,TV-Y7,6 Seasons
t0136,TV Show,Beyond Chronicle,Anurag Kashyap,Egypt,2023-11-20,2019,NR,8 Seasons
t0137,Movie,Hidden Legend Files,Kathryn Bigelow,Turkey,2021-06-20,2014,TV-14,88 min
t0138,TV Show,Last Legend of Time,Guillermo del Toro,,2018-08-10,2010,R,2 Seasons
t0139,Movie,Sacred Fire Files,,India,2016-08-08,2011,TV-Y,117 min
t0140,Movie,Lost Life,,Italy,2016-12-16,2023,TV-PG,111 min
t0141,TV Show,Secret Fire: Reborn,Martin Scorsese,Brazil,2015-10-14,1996,R,7 Seasons
t0142,TV Show,Falling Stars,,China,2023-01-05,2015,G,7 Seasons
t0143,Movie,Forgotten Dream,Kathryn Bigelow,China,2021-09-26,1995,R,139 min
t0144,Movie,Last World,Barry Jenkins,Brazil,2020-04-03,2023,PG,112 min
t0145,Movie,Modern Song Chronicles,Anurag Kashyap,Germany,2017-02-04,2022,TV-Y7,177 min
t0146,Movie,Golden Day,Guillermo del Toro,Spain,2018-11-29,2017,PG,128 min
t0147,TV Show,A Life,Bong Joon-ho,South Korea,2015-10-23,2004,R,8 Seasons
t0148,TV Show,Dark Love Chronicles,Martin Scorsese,China,2017-06-18,1997,TV-Y,5 Seasons
t0149,Movie,Golden Day,Ridley Scott,,2018-07-19,2011,TV-Y7,182 min
t0150,TV Show,Broken Life Chronicles,,India,2017-05-04,2001,NR,4 Seasons
t0151,Movie,The Heart of Time,Jane Campion,Italy,2018-06-12,1997,R,95 min
t0152,TV Show,Above Storm,,Nigeria,2019-08-03,2007,TV-Y7,5 Seasons
t0153,Movie,Lost House,Barry Jenkins,Italy,2018-03-19,2014,PG-13,179 min
t0154,Movie,Last Chronicle,Chloe Zhao,Italy,2021-07-21,2018,PG-13,126 min
t0155,Movie,Forgotten Shadow,David Fincher,United Kingdom,2018-10-31,1991,NR,83 min
t0156,TV Show,Modern Storm Season,,Nigeria,2018-11-09,2019,TV-Y,1 Seasons
t0157,TV Show,Under Detective of Time,Anurag Kashyap,United Kingdom,2023-11-10,2019,TV-Y,7 Seasons
t0158,Movie,Rising Mystery Chronicles,Anurag Kashyap,United Kingdom,,2023,TV-Y7,96 min
t0159,TV Show,Dark Love Season,,Turkey,2023-03-13,2022,R,8 Seasons
t0160,Movie,Dark Lifes,Kathryn Bigelow,United Kingdom,2021-04-17,2002,G,138 min
t0161,Movie,Hidden Journey,Christopher Nolan,China,2018-12-15,2000,TV-14,169 min
t0162,TV Show,Silent Star,,Japan,2020-08-25,1991,TV-14,3 Seasons
t0163,TV Show,Broken Chronicle,Ridley Scott,Mexico,2022-12-28,2017,TV-MA,7 Seasons
t0164,Movie,Golden Story,,Australia,2018-05-11,2006,G,80 min
t0165,TV Show,Dark Secret,Chloe Zhao,Turkey,2021-05-15,2021,PG-13,9 Seasons
t0166,Movie,Wild Detective,,Australia,2016-04-23,2007,R,76 min
t0167,Movie,Hidden Night,Martin Scorsese,Japan,,2018,R,131 min
t0168,TV Show,Wild Water,Christopher Nolan,Egypt,2022-10-12,2020,TV-14,6 Seasons
t0169,Movie,Under Sun: Reborn,Pedro Almodóvar,Japan,2021-08-11,2023,R,104 min
t0170,Movie,Silent Song: Origins,Christopher Nolan,Egypt,2016-09-03,2018,R,174 min
t0171,Movie,Golden Star,,Italy,2015-04-02,2018,TV-14,148 min
t0172,Movie,Silent Secret Season,Anurag Kashyap,United Kingdom,2015-12-08,2023,G,126 min
t0173,TV Show,Beyond Chronicle,Guillermo del Toro,Australia,2022-11-19,2021,TV-Y7,2 Seasons
t0174,Movie,Under Secret of Time,Barry Jenkins,Brazil,2015-05-09,2015,TV-PG,184 min
t0175,TV Show,The Mystery Chronicles,Ridley Scott,Nigeria,2018-08-20,2014,PG,4 Seasons
t0176,Movie,Rising City Files,Barry Jenkins,Germany,2021-07-19,2013,TV-14,88 min
t0177,TV Show,Hidden City of Time,Chloe Zhao,,2017-11-09,2013,PG-13,7 Seasons
t0178,Movie,Ancient Shadow,Greta Gerwig,,2017-08-05,2018,R,93 min
t0179,Movie,Sacred Song: Origins,,France,2020-01-04,2022,R,167 min
t0180,Movie,Forgotten Fire: Reborn,Jane Campion,Mexico,2023-07-30,2021,TV-14,94 min
t0181,Movie,Eternal Story,Hayao Miyazaki,Germany,2015-03-25,2009,TV-Y7,92 min
t0182,TV Show,Broken Detective,Chloe Zhao,Canada,2016-09-15,2019,TV-Y7,7 Seasons
t0183,Movie,Sacred Sun,,Turkey,2019-10-16,2006,TV-Y7,189 min
t0184,Movie,Hidden Heart,,United Kingdom,2018-11-29,1990,TV-14,183 min
t0185,Movie,Sacred Family Chronicles,,United Kingdom,2019-02-13,2013,G,109 min
t0186,Movie,Broken Heart,Chloe Zhao,France,2019-11-25,2000,TV-Y,137 min
t0187,Movie,Eternal Days,,Australia,2020-06-17,2009,G,73 min
t0188,TV Show,The Moon Season,Céline Sciamma,Australia,2016-09-25,1999,TV-MA,7 Seasons
t0189,Movie,Wild Kingdom Files,,Nigeria,2018-05-05,2020,TV-14,181 min
t0190,Movie,Golden Secret of Time,Wes Anderson,Brazil,,2020,NR,171 min
t0191,Movie,Falling House: Reborn,Ava DuVernay,Italy,2023-02-08,2003,PG,112 min
t0192,Movie,Hidden House,Chloe Zhao,Germany,2018-09-25,1992,TV-14,93 min
t0193,Movie,Golden House,Zhang Yimou,Nigeria,2018-09-11,2006,TV-PG,164 min
t0194,Movie,Lost Detective Files,Sofia Coppola,Spain,2018-12-31,2021,TV-Y7,78 min
t0195,Movie,Rising Detective,,,2023-04-26,2014,TV-14,78 min
t0196,Movie,Secret Legend Chronicles,Greta Gerwig,Australia,2020-07-11,2005,TV-Y,98 min
t0197,TV Show,Sacred Mysterys,Greta Gerwig,United Kingdom,2023-02-23,2020,TV-14,8 Seasons
t0198,Movie,Dark Story,Céline Sciamma,Nigeria,2017-01-18,2000,TV-MA,144 min
t0199,Movie,Falling Fire Chronicles,Céline Sciamma,Egypt,2018-06-21,2023,NR,167 min
t0200,TV Show,A Water Chronicles,Martin Scorsese,Brazil,2020-06-23,2010,PG-13,8 Seasons
t0201,TV Show,The Journey Files,Barry Jenkins,United Kingdom,2017-05-16,2005,,1 Seasons
t0202,Movie,Last Family,Barry Jenkins,Australia,2015-06-20,2002,NR,113 min
t0203,Movie,Above Story: Reborn,Barry Jenkins,Canada,2021-01-21,2017,TV-PG,145 min
t0204,TV Show,Eternal Star Files,,Mexico,2018-07-08,2018,,4 Seasons
t0205,Movie,Falling Sun Files,Barry Jenkins,Egypt,2016-04-04,2018,TV-14,133 min
t0206,Movie,A Sun Chronicles,Hayao Miyazaki,India,2022-03-03,2021,PG-13,131 min
t0207,TV Show,Modern Nights,Zhang Yimou,,2017-11-09,2022,R,4 Seasons
t0208,TV Show,Secret Water,,Mexico,2020-08-22,2022,TV-Y7,9 Seasons
t0209,TV Show,Dark Detective Season,Ava DuVernay,,2023-12-27,2023,PG,3 Seasons
t0210,TV Show,Modern Familys,Denis Villeneuve,Mexico,2021-11-05,2011,TV-Y7,7 Seasons
t0211,TV Show,A Love Files,Martin Scorsese,Egypt,2021-12-26,2016,R,3 Seasons
t0212,Movie,Hidden Journey,Anurag Kashyap,Nigeria,2016-10-21,2015,TV-MA,133 min
t0213,Movie,Dark Legend: Reborn,Martin Scorsese,Mexico,2022-09-12,2020,TV-Y7,168 min
t0214,Movie,A Shadow,,Nigeria,2020-06-21,2005,TV-Y,78 min
t0215,Movie,Secret Dream: Reborn,Zhang Yimou,Italy,2019-06-20,2021,TV-14,78 min
t0216,Movie,Under Life,Kathryn Bigelow,Germany,2019-11-09,2014,,130 min
t0217,Movie,A Moon Chronicles,,Australia,2017-01-14,2021,TV-MA,168 min
t0218,Movie,Rising Water: Origins,Christopher Nolan,United States,2019-11-07,2019,TV-PG,83 min
t0219,TV Show,Beyond Detective,,Italy,2020-08-02,2020,TV-MA,4 Seasons
t0220,Movie,Beyond Heart Files,Chloe Zhao,Spain,2019-07-08,2015,R,72 min
t0221,TV Show,Secret Chronicle,,Nigeria,2022-02-26,2020,TV-Y,2 Seasons
t0222,Movie,Last War of Time,Sofia Coppola,Italy,2023-11-16,2018,TV-Y7,81 min
t0223,Movie,Rising Sun,Ridley Scott,Nigeria,2015-12-31,2021,TV-14,128 min
t0224,TV Show,Ancient Moon,David Fincher,Mexico,2018-04-28,2020,R,4 Seasons
t0225,Movie,Under Mystery Files,Chloe Zhao,Brazil,2019-05-22,2023,PG-13,72 min
t0226,Movie,Golden Detective,Céline Sciamma,Australia,2021-07-15,2018,G,76 min
t0227,Movie,Silent Life,Kathryn Bigelow,Germany,2016-10-05,2011,R,73 min
t0228,Movie,Rising House Season,Sofia Coppola,Japan,2022-01-05,2015,PG,171 min
t0229,Movie,Under Life,,Canada,2018-04-03,2021,TV-Y7,115 min
t0230,Movie,Falling Kingdom,Ridley Scott,Mexico,2021-06-26,2021,TV-Y,138 min
t0231,Movie,Lost Sun,Hayao Miyazaki,,2016-04-27,2018,TV-Y7,186 min
t0232,TV Show,Secret Legend of Time,Wes Anderson,,2017-05-15,2021,G,6 Seasons
t0233,TV Show,Hidden Moon,Wes Anderson,Italy,2017-07-04,2005,TV-PG,9 Seasons
t0234,Movie,Sacred Water: Reborn,Ava DuVernay,India,2021-10-12,2020,TV-14,160 min
t0235,TV Show,Forgotten Kingdoms,Céline Sciamma,Egypt,2022-08-18,2022,TV-14,9 Seasons
t0236,Movie,Broken Day: Origins,,Australia,2022-10-25,2020,TV-MA,148 min
t0237,Movie,Hidden Chronicle: Origins,Martin Scorsese,Italy,2019-01-14,2009,TV-14,70 min
t0238,Movie,Wild Day,David Fincher,Nigeria,2020-09-27,2021,TV-Y7,94 min
t0239,Movie,Eternal Song of Time,Pedro Almodóvar,India,2020-12-06,1994,G,143 min
t0240,Movie,Above City: Reborn,David Fincher,Nigeria,2021-03-31,2022,TV-Y,157 min
t0241,Movie,Secret Day Files,Pedro Almodóvar,,2017-10-08,2012,G,138 min
t0242,TV Show,Beyond City,David Fincher,Italy,2015-02-24,2017,TV-PG,3 Seasons
t0243,Movie,Hidden House Season,,Australia,2023-05-08,2022,TV-MA,185 min
t0244,Movie,Golden Moons,,Canada,2022-05-13,2017,TV-PG,188 min
t0245,Movie,Hidden Life Chronicles,,,2023-12-07,2002,TV-MA,162 min
t0246,TV Show,Last Detective Chronicles,Anurag Kashyap,India,2020-04-23,2010,TV-Y7,6 Seasons
t0247,Movie,Under Peace,Ava DuVernay,Germany,2022-04-07,2019,TV-PG,93 min
t0248,TV Show,Dark Sun,Ridley Scott,Australia,2019-04-10,1996,PG-13,5 Seasons
t0249,Movie,Dark Kingdom: Reborn,Jane Campion,Brazil,2017-11-03,2018,TV-PG,76 min
t0250,Movie,Modern Star,,India,2015-02-16,2022,TV-Y,133 min
t0251,Movie,Under Moon Files,Jane Campion,India,2017-07-12,1997,NR,178 min
t0252,Movie,Modern Secret Chronicles,,,2015-04-27,2018,TV-MA,100 min
t0253,Movie,Broken Water Season,,Nigeria,2017-07-30,2004,PG-13,106 min
t0254,Movie,Falling Shadow Files,,United States,2019-03-29,2011,,142 min
t0255,TV Show,Wild Day: Origins,Greta Gerwig,Turkey,2021-08-03,2000,TV-Y7,7 Seasons
t0256,Movie,Dark City,,Australia,2018-04-14,2001,PG-13,101 min
t0257,TV Show,Hidden Detective Season,Céline Sciamma,Brazil,2019-01-23,1999,TV-MA,5 Seasons
t0258,Movie,Golden Legend,Hayao Miyazaki,United States,2021-06-28,2012,TV-Y,105 min
t0259,Movie,Beyond Day,Martin Scorsese,United States,2017-12-12,2019,G,95 min
t0260,Movie,Hidden Song Season,,Egypt,2015-09-25,2014,PG-13,125 min
t0261,Movie,Above Day,Guillermo del Toro,Canada,2023-02-11,2014,G,164 min
t0262,TV Show,Modern Dream: Reborn,,,2021-06-02,2021,G,6 Seasons
t0263,Movie,Dark Dream,Barry Jenkins,United States,2019-03-05,2021,R,190 min
t0264,Movie,Sacred Shadow: Reborn,Jane Campion,Spain,2021-10-07,2019,TV-Y7,159 min
t0265,Movie,Under War of Time,,Germany,2018-03-17,2022,TV-Y7,151 min
t0266,Movie,Ancient Mystery,,Mexico,2016-06-22,2018,TV-Y7,116 min
t0267,Movie,Beyond House Season,Bong Joon-ho,India,2022-09-08,2017,TV-PG,131 min
t0268,Movie,Dark Moon of Time,David Fincher,Mexico,2021-05-19,2022,TV-MA,124 min
t0269,Movie,Silent Storm Chronicles,,United Kingdom,2016-11-22,2003,TV-PG,131 min
t0270,Movie,A Legend Chronicles,Bong Joon-ho,India,2015-07-28,2011,TV-Y,106 min
t0271,TV Show,Rising Peace: Origins,Sofia Coppola,United Kingdom,2021-10-07,2003,TV-PG,3 Seasons
t0272,Movie,A Detective,,Nigeria,2023-02-13,2022,G,123 min
t0273,Movie,Last Life of Time,Sofia Coppola,Spain,2016-11-20,2001,TV-PG,146 min
t0274,Movie,Modern Peace: Reborn,,,2019-09-21,2018,TV-14,133 min
t0275,TV Show,Ancient Life,Sofia Coppola,Turkey,2021-09-15,2021,TV-Y7,9 Seasons
t0276,Movie,Last Song,,India,2018-12-12,2011,TV-PG,141 min
t0277,TV Show,Modern Shadow Chronicles,Kathryn Bigelow,United Kingdom,2018-05-24,2020,TV-14,7 Seasons
t0278,TV Show,Golden Song: Origins,Hayao Miyazaki,Egypt,2018-12-16,2019,R,8 Seasons
t0279,Movie,Under Hearts,Chloe Zhao,Spain,2015-02-18,2018,TV-MA,85 min
t0280,Movie,Last Storm: Reborn,Céline Sciamma,Australia,2019-12-01,1999,TV-14,115 min
t0281,Movie,Ancient Fire: Origins,Céline Sciamma,Mexico,2017-01-02,2020,PG,122 min
t0282,Movie,Dark Fire,Sofia Coppola,China,2018-07-04,2002,TV-PG,155 min
t0283,TV Show,Dark War Chronicles,Céline Sciamma,Australia,2023-09-23,2011,PG,5 Seasons
t0284,Movie,Golden Heart: Reborn,Céline Sciamma,Canada,2016-01-17,2016,PG,185 min
t0285,Movie,Above Shadow,,Egypt,,2023,PG-13,156 min
t0286,Movie,Above Fire Season,Guillermo del Toro,Turkey,2020-05-04,2007,TV-MA,175 min
t0287,Movie,Sacred Heart of Time,Zhang Yimou,Italy,2016-06-06,1992,PG,186 min
t0288,Movie,Secret Star Chronicles,,Turkey,2022-12-23,2017,TV-Y,182 min
t0289,TV Show,Secret Journey: Reborn,,India,2015-05-04,2021,TV-PG,2 Seasons
t0290,Movie,Above Life of Time,,United Kingdom,2018-10-29,2012,TV-14,71 min
t0291,TV Show,Above Peace: Reborn,,Germany,2018-05-25,1997,R,1 Seasons
t0292,TV Show,Secret Water of Time,,China,2016-01-26,2018,TV-14,3 Seasons
t0293,TV Show,A Chronicle: Origins,Sofia Coppola,United Kingdom,2020-09-19,2021,TV-Y,1 Seasons
t0294,Movie,Above Journey Season,,,2021-09-14,2017,NR,113 min
t0295,Movie,Above House,Barry Jenkins,United Kingdom,2019-02-20,1995,TV-Y7,72 min
t0296,Movie,Rising Moon,Martin Scorsese,China,2017-08-31,2003,PG-13,73 min
t0297,TV Show,Dark Mystery Files,Kathryn Bigelow,South Korea,2021-03-29,2015,NR,8 Seasons
t0298,TV Show,Ancient Day,Christopher Nolan,South Korea,2020-10-13,2023,NR,1 Seasons
t0299,Movie,Rising Shadow,Sofia Coppola,,2023-06-15,2020,TV-Y7,167 min
t0300,TV Show,A Star,,Spain,2019-08-04,2000,PG,8 Seasons
t0301,Movie,Last Day,Denis Villeneuve,Italy,2019-12-31,2016,TV-Y7,86 min
t0302,TV Show,Hidden City of Time,,Egypt,2023-04-02,2012,TV-Y7,9 Seasons
t0303,TV Show,Golden World,Anurag Kashyap,United Kingdom,2016-06-14,2009,TV-Y7,2 Seasons
t0304,TV Show,Silent World: Reborn,Kathryn Bigelow,Nigeria,2023-01-14,2019,TV-PG,8 Seasons
t0305,Movie,Hidden Worlds,Sofia Coppola,Australia,2017-05-15,1998,TV-MA,92 min
t0306,Movie,Rising Dream,David Fincher,France,2015-09-09,2019,TV-14,135 min
t0307,TV Show,Above Water Chronicles,Zhang Yimou,Canada,,2013,TV-Y,7 Seasons
t0308,Movie,Forgotten Storm,Chloe Zhao,Mexico,2019-08-30,2012,TV-14,174 min
t0309,Movie,Eternal Dream,Barry Jenkins,China,2015-08-10,1991,TV-PG,178 min
t0310,TV Show,Sacred Dream,Wes Anderson,Egypt,2021-11-12,2021,TV-Y,6 Seasons
t0311,Movie,The Day: Reborn,Christopher Nolan,Brazil,2022-02-10,1997,NR,120 min
t0312,Movie,Dark Heart,Jane Campion,Australia,2019-06-06,2019,TV-Y7,165 min
t0313,Movie,Wild Love: Origins,Kathryn Bigelow,Turkey,2015-02-28,2012,NR,137 min
t0314,Movie,Beyond Dream: Reborn,,Canada,2018-06-26,2000,PG,164 min
t0315,Movie,Last Dream Season,Bong Joon-ho,United States,2018-07-04,2006,NR,135 min
t0316,Movie,Eternal Water: Origins,Jane Campion,United Kingdom,2022-06-15,2016,TV-Y,185 min
t0317,TV Show,Silent Dream Season,Barry Jenkins,,2020-11-29,1994,PG,1 Seasons
t0318,TV Show,Broken City Files,Céline Sciamma,Nigeria,2016-04-22,2010,TV-Y7,6 Seasons
t0319,Movie,Sacred Water of Time,Anurag Kashyap,Egypt,2023-08-25,2003,NR,120 min
t0320,Movie,Last Journeys,,United States,2019-05-16,2018,G,107 min
t0321,TV Show,Golden Day Files,,,2018-07-09,2022,TV-PG,5 Seasons
t0322,Movie,Golden Journey: Origins,,Japan,2022-09-15,2017,R,178 min
t0323,TV Show,Broken Chronicle,,Turkey,2017-06-04,2022,PG-13,2 Seasons
t0324,Movie,Dark Mystery,Greta Gerwig,Germany,2022-05-19,2001,TV-Y7,98 min
t0325,Movie,Eternal Journey Season,Barry Jenkins,France,2021-03-19,2021,TV-14,118 min
t0326,Movie,A Nights,,China,2018-11-09,2013,TV-PG,123 min
t0327,Movie,Eternal Water,,Turkey,2020-01-21,2018,TV-14,190 min
t0328,TV Show,Wild Storm,Chloe Zhao,Mexico,2015-02-28,2013,TV-PG,3 Seasons
t0329,TV Show,Broken Detective Season,Guillermo del Toro,France,2022-06-07,2020,TV-PG,8 Seasons
t0330,Movie,Wild Life of Time,Hayao Miyazaki,United Kingdom,2019-11-01,2022,NR,168 min
t0331,Movie,Lost Mystery Season,Sofia Coppola,France,2021-05-20,2021,PG,138 min
t0332,TV Show,Forgotten Moon Files,David Fincher,South Korea,2023-11-07,1998,TV-PG,2 Seasons
t0333,Movie,Lost Family Season,Denis Villeneuve,India,,2012,TV-PG,148 min
t0334,Movie,A Water,Kathryn Bigelow,France,2017-11-28,2013,PG-13,90 min
t0335,Movie,Forgotten Legend of Time,,Nigeria,2015-03-04,2018,TV-Y,114 min
t0336,Movie,Eternal Mystery Chronicles,Céline Sciamma,,2022-08-10,1994,TV-MA,97 min
t0337,Movie,Lost Shadow of Time,Greta Gerwig,China,2017-10-11,2012,TV-PG,100 min
t0338,Movie,Hidden Star,Ridley Scott,Mexico,2017-09-22,2019,TV-Y,149 min
t0339,TV Show,Dark Love Chronicles,Zhang Yimou,India,2017-09-21,2017,TV-Y,6 Seasons
t0340,Movie,Wild Shadow: Origins,,China,2021-06-15,2023,TV-Y,126 min
t0341,TV Show,Golden Houses,,Egypt,2017-04-11,2002,G,1 Seasons
t0342,TV Show,Dark Star: Origins,Zhang Yimou,France,2017-06-01,2012,G,5 Seasons
t0343,Movie,Rising Night: Reborn,Ridley Scott,Japan,,2018,NR,134 min
t0344,Movie,Rising Moon,Jane Campion,Germany,2023-08-06,2019,PG-13,125 min
t0345,Movie,Broken Secret,Pedro Almodóvar,South Korea,2023-02-26,2020,G,131 min
t0346,Movie,Modern Family Season,,China,2018-04-11,2021,R,81 min
t0347,Movie,Dark Moon,Zhang Yimou,,2018-03-17,2014,NR,181 min
t0348,TV Show,Falling Family,,Egypt,2018-10-29,2016,TV-Y,9 Seasons
t0349,Movie,Ancient Story Season,Barry Jenkins,Canada,2019-09-25,2023,R,114 min
t0350,Movie,Under Peace,Chloe Zhao,Germany,2019-11-15,2023,PG-13,161 min
t0351,Movie,Eternal Love,,France,2020-11-11,2023,,187 min
t0352,Movie,Broken Peaces,Martin Scorsese,Australia,,1995,PG,73 min
t0353,TV Show,Forgotten Shadow,Ava DuVernay,Turkey,2021-12-02,2001,PG,4 Seasons
t0354,Movie,Rising Story of Time,Bong Joon-ho,India,2016-10-10,2016,TV-Y,132 min
t0355,Movie,A Legend of Time,David Fincher,Canada,2021-07-28,2020,TV-MA,103 min
t0356,Movie,The Water: Origins,Céline Sciamma,South Korea,2015-06-28,2022,TV-Y,139 min
t0357,Movie,Under Song,,Japan,2021-01-13,1999,NR,95 min
t0358,Movie,Sacred Love,Martin Scorsese,Brazil,2018-03-09,2013,R,70 min
t0359,TV Show,Falling Detective: Reborn,Ava DuVernay,United States,2018-07-22,2010,PG,2 Seasons
t0360,TV Show,The Journey: Reborn,Sofia Coppola,Italy,2017-11-04,2012,PG,7 Seasons
t0361,Movie,Wild Love,Jane Campion,Japan,2017-11-02,2021,TV-PG,166 min
t0362,TV Show,The Life Season,Christopher Nolan,China,2018-05-23,2007,TV-Y,6 Seasons
t0363,Movie,Forgotten Moon Chronicles,Denis Villeneuve,France,2015-03-13,2021,PG-13,172 min
t0364,Movie,Modern Peace Files,Zhang Yimou,France,2021-04-29,2021,G,144 min
t0365,Movie,Lost House: Origins,,Italy,2021-07-26,2014,TV-Y7,83 min
t0366,TV Show,Secret War: Reborn,Bong Joon-ho,United States,2015-01-28,2021,PG-13,3 Seasons
t0367,Movie,Modern Chronicle: Reborn,,Spain,2020-01-04,2016,TV-MA,136 min
t0368,TV Show,Eternal Song Chronicles,,United Kingdom,2022-04-26,2010,,8 Seasons
t0369,TV Show,Sacred Sun,Chloe Zhao,Canada,2015-10-08,2022,TV-Y,5 Seasons
t0370,Movie,Silent War: Origins,Céline Sciamma,Italy,2023-04-17,2012,NR,107 min
t0371,TV Show,Wild World,,Turkey,2017-01-06,1995,PG,9 Seasons
t0372,Movie,Modern Storm,Hayao Miyazaki,Spain,2023-07-20,2012,TV-PG,136 min
t0373,TV Show,Beyond Kingdom,Ridley Scott,South Korea,2017-02-20,2019,R,2 Seasons
t0374,TV Show,Golden Love,Bong Joon-ho,South Korea,2022-12-13,2012,TV-Y7,4 Seasons
t0375,Movie,Beyond Houses,Jane Campion,Canada,2016-10-19,2023,PG,90 min
t0376,TV Show,Under Fire,Martin Scorsese,Australia,2019-04-22,2012,PG,8 Seasons
t0377,Movie,Rising World,Greta Gerwig,Australia,2019-09-28,2018,PG,71 min
t0378,Movie,Secret Mystery: Reborn,,United Kingdom,2020-12-01,2018,TV-14,109 min
t0379,Movie,Beyond Chronicle of Time,,Japan,2022-01-13,2019,TV-PG,92 min
t0380,TV Show,Lost Day Chronicles,Denis Villeneuve,Nigeria,2023-03-02,2016,TV-MA,8 Seasons
t0381,TV Show,Golden Detectives,Kathryn Bigelow,South Korea,2015-05-24,2015,TV-Y7,7 Seasons
t0382,TV Show,Last Moon Chronicles,Denis Villeneuve,China,2021-02-07,2019,TV-Y7,3 Seasons
t0383,Movie,Beyond Peace: Reborn,Wes Anderson,Mexico,2023-12-06,2015,TV-MA,167 min
t0384,Movie,Wild Day,Anurag Kashyap,Italy,2023-10-08,2022,TV-Y,182 min
t0385,TV Show,Hidden Night,Chloe Zhao,Egypt,2020-06-27,2020,G,7 Seasons
t0386,TV Show,Beyond Secret Season,,Germany,2023-05-18,2019,TV-14,7 Seasons
t0387,Movie,Lost House,Chloe Zhao,Mexico,2022-10-04,2013,TV-Y,128 min
t0388,TV Show,A Family,Ridley Scott,Canada,2020-08-06,2000,TV-PG,9 Seasons
t0389,Movie,Last Peace Chronicles,Wes Anderson,,2016-11-10,2019,PG-13,128 min
t0390,TV Show,Modern Day Season,Pedro Almodóvar,Mexico,2016-08-09,2020,TV-14,2 Seasons
t0391,Movie,A Song,Bong Joon-ho,Japan,2018-05-02,2012,TV-Y,92 min
t0392,Movie,Beyond City of Time,Barry Jenkins,,2023-08-16,2011,TV-MA,177 min
t0393,TV Show,Above Story Chronicles,,Germany,2019-03-18,2018,NR,4 Seasons
t0394,TV Show,Falling War,David Fincher,Australia,2023-07-08,2023,PG,8 Seasons
t0395,TV Show,Wild Moon Season,Zhang Yimou,Nigeria,2018-11-18,2004,PG,1 Seasons
t0396,TV Show,Wild Days,Christopher Nolan,South Korea,2018-01-30,1996,PG,6 Seasons
t0397,Movie,Golden Sun,Sofia Coppola,,,2018,G,175 min
t0398,TV Show,Above Nights,Ava DuVernay,Egypt,2020-06-29,2015,TV-Y7,9 Seasons
t0399,Movie,Sacred World of Time,Kathryn Bigelow,Nigeria,2019-11-16,2020,R,103 min
t0400,Movie,Modern Storm Chronicles,Anurag Kashyap,Brazil,2017-12-27,2017,PG,115 min
t0401,Movie,Hidden Shadow Files,Pedro Almodóvar,Italy,2018-08-05,2012,PG,76 min
t0402,TV Show,Rising Dream,Wes Anderson,United Kingdom,2015-11-26,2020,TV-PG,5 Seasons
t0403,TV Show,Sacred Heart: Origins,Kathryn Bigelow,,2023-08-29,2015,NR,9 Seasons
t0404,Movie,Under Secret: Origins,Chloe Zhao,,2015-12-01,2001,PG-13,120 min
t0405,Movie,Forgotten Water Files,,Turkey,,2015,TV-14,143 min
t0406,Movie,Forgotten Moon Season,,United States,2018-12-16,2012,PG-13,77 min
t0407,Movie,Golden Peace,Ridley Scott,India,2021-01-12,2018,PG-13,144 min
t0408,Movie,Dark Sun Files,,United Kingdom,2022-01-15,2004,PG,74 min
t0409,Movie,Modern Sun Chronicles,Martin Scorsese,Spain,2021-02-17,2017,TV-Y7,102 min
t0410,TV Show,Ancient Day,Hayao Miyazaki,Spain,2017-05-20,2015,TV-Y7,5 Seasons
t0411,Movie,Silent Story Chronicles,Kathryn Bigelow,United States,2015-12-20,2014,TV-14,152 min
t0412,TV Show,The War,Ava DuVernay,China,2020-05-21,2016,R,1 Seasons
t0413,TV Show,Sacred Storm Chronicles,Denis Villeneuve,Italy,2018-10-26,2020,PG,2 Seasons
t0414,TV Show,Dark World: Reborn,Martin Scorsese,China,2015-06-20,2023,TV-Y,9 Seasons
t0415,Movie,Hidden City: Reborn,Martin Scorsese,Canada,2021-06-22,2013,PG,109 min
t0416,Movie,Secret Heart,Chloe Zhao,Canada,2022-09-25,2016,PG-13,119 min
t0417,Movie,Lost Water,,Spain,2022-06-27,2022,TV-Y,130 min
t0418,Movie,Modern Hearts,Pedro Almodóvar,United States,2022-05-12,2010,TV-PG,188 min
t0419,TV Show,Modern Chronicle: Origins,Hayao Miyazaki,Canada,2020-11-06,2019,R,2 Seasons
t0420,Movie,Above Detective of Time,,Germany,2015-12-22,2017,TV-MA,119 min
t0421,TV Show,Silent Peace,,South Korea,2020-12-21,2023,TV-Y,6 Seasons
t0422,Movie,A Moon of Time,,United Kingdom,2022-05-26,1996,R,138 min
t0423,Movie,The Suns,Chloe Zhao,South Korea,2021-07-25,2019,NR,79 min
t0424,TV Show,Hidden War of Time,,Spain,,2021,PG-13,3 Seasons
t0425,TV Show,Last Journey,Anurag Kashyap,Japan,2016-06-01,2013,G,2 Seasons
t0426,Movie,Above Night,Ridley Scott,Turkey,2018-02-28,2008,TV-MA,185 min
t0427,Movie,Under Peace,Ava DuVernay,Germany,2017-02-26,2014,PG,114 min
t0428,Movie,The Legend,,India,2016-03-19,2022,TV-PG,107 min
t0429,TV Show,A Water,Kathryn Bigelow,Canada,2015-02-13,2022,,3 Seasons
t0430,Movie,Under Legend,Chloe Zhao,France,2018-10-10,1996,R,93 min
t0431,Movie,Hidden Life of Time,,Australia,2019-12-06,2012,NR,110 min
t0432,Movie,A Secret,,Canada,2017-07-19,2021,TV-MA,137 min
t0433,Movie,Golden House,Martin Scorsese,Mexico,2015-06-06,2020,TV-14,184 min
t0434,Movie,The Secret,Denis Villeneuve,Australia,2022-12-07,2021,PG-13,176 min
t0435,TV Show,A Story: Origins,Sofia Coppola,South Korea,2020-05-17,2021,PG-13,3 Seasons
t0436,Movie,Falling Heart: Origins,Denis Villeneuve,France,2017-11-13,2022,R,158 min
t0437,Movie,Forgotten Star Files,Jane Campion,Spain,2019-12-30,1997,TV-Y7,162 min
t0438,Movie,Wild Life: Origins,Wes Anderson,United Kingdom,2015-03-27,2014,R,81 min
t0439,Movie,Silent Love,Barry Jenkins,France,2020-07-31,2023,TV-14,94 min
t0440,TV Show,Dark Storm: Reborn,,India,2015-09-08,2011,TV-PG,8 Seasons
t0441,Movie,A Heart: Reborn,Barry Jenkins,Spain,2016-10-07,2022,TV-Y,126 min
t0442,Movie,Secret Heart Files,Kathryn Bigelow,Japan,2023-11-26,1995,TV-Y,110 min
t0443,Movie,Dark Journey: Reborn,,China,2021-12-25,2013,TV-Y7,137 min
t0444,TV Show,Dark Shadows,David Fincher,Germany,2021-03-15,1999,NR,4 Seasons
t0445,Movie,Secret Heart: Reborn,,Turkey,2022-01-24,2022,,179 min
t0446,Movie,Sacred Fire Season,Denis Villeneuve,South Korea,2016-02-13,2010,NR,91 min
t0447,TV Show,Sacred Dream,Hayao Miyazaki,Japan,2015-03-17,2018,TV-Y7,1 Seasons
t0448,TV Show,Lost Peaces,Barry Jenkins,France,2017-07-20,2006,TV-MA,6 Seasons
t0449,TV Show,Above Shadow,Barry Jenkins,,2015-05-13,1993,,2 Seasons
t0450,Movie,Silent Day of Time,,South Korea,2022-03-10,2013,G,186 min
t0451,TV Show,Eternal Legend,Chloe Zhao,India,2018-07-24,2018,NR,2 Seasons
t0452,Movie,Modern Family: Origins,Sofia Coppola,Spain,2017-07-07,2023,PG,127 min
t0453,TV Show,Dark Kingdoms,Pedro Almodóvar,South Korea,2019-11-04,2019,TV-14,2 Seasons
t0454,TV Show,Under Heart,Kathryn Bigelow,United Kingdom,2019-07-02,2021,TV-MA,9 Seasons
t0455,TV Show,Golden Fire: Reborn,,Turkey,2023-05-18,2003,TV-Y,4 Seasons
t0456,Movie,Dark Love,Bong Joon-ho,Italy,2022-03-27,2022,NR,72 min
t0457,TV Show,The Chronicle,Wes Anderson,Italy,2015-05-22,2017,R,1 Seasons
t0458,Movie,Hidden Kingdom Chronicles,,,2016-10-29,2013,TV-Y,78 min
t0459,Movie,Sacred Love Files,Bong Joon-ho,Italy,2023-04-28,2009,R,143 min
t0460,Movie,A House Files,,Germany,2020-10-29,2022,PG,130 min
t0461,TV Show,Broken World Files,Céline Sciamma,Canada,2022-11-02,2006,NR,6 Seasons
t0462,TV Show,The Story,Barry Jenkins,Mexico,2017-04-25,2021,G,6 Seasons
t0463,Movie,Above Heart Season,David Fincher,Brazil,2020-02-07,2017,TV-PG,117 min
t0464,TV Show,Under Detective Season,Kathryn Bigelow,United States,2022-03-03,2016,NR,9 Seasons
t0465,Movie,Eternal Sun,Kathryn Bigelow,China,2023-04-04,2012,TV-Y7,167 min
t0466,Movie,Falling Star,Barry Jenkins,South Korea,2020-12-20,2018,PG,139 min
t0467,Movie,Modern Day,Ava DuVernay,Italy,2021-03-06,2022,PG-13,165 min
t0468,Movie,Wild Fires,Wes Anderson,Australia,2020-09-24,2013,TV-PG,156 min
t0469,TV Show,Sacred Day: Origins,Kathryn Bigelow,Brazil,2022-08-05,2022,PG-13,8 Seasons
t0470,Movie,Dark Shadow,Hayao Miyazaki,Japan,2023-09-08,2010,TV-Y7,155 min
t0471,Movie,Sacred Sun,Denis Villeneuve,Italy,2023-07-19,1999,,180 min
t0472,Movie,Lost Sun,,China,2015-06-24,2004,G,182 min
t0473,Movie,Ancient Peace Files,Kathryn Bigelow,Germany,2020-09-25,1998,TV-14,92 min
t0474,Movie,Eternal Peace Season,Guillermo del Toro,Germany,2021-12-04,2017,PG,107 min
t0475,Movie,Last Star,,Japan,2022-07-21,2018,TV-Y,126 min
t0476,Movie,The Family of Time,Ridley Scott,India,2019-12-03,2004,PG-13,151 min
t0477,Movie,Rising Dream Chronicles,Anurag Kashyap,South Korea,2015-02-23,2014,TV-14,130 min
t0478,Movie,Under Fire of Time,Céline Sciamma,India,2019-09-04,2002,TV-PG,186 min
t0479,TV Show,Dark War,Jane Campion,China,2021-08-20,2022,PG-13,8 Seasons
t0480,TV Show,Rising Life: Origins,Sofia Coppola,Nigeria,2017-03-30,2012,TV-MA,1 Seasons
t0481,TV Show,Eternal Dream: Origins,Pedro Almodóvar,Brazil,2017-08-21,2000,TV-Y,4 Seasons
t0482,TV Show,Golden War of Time,Sofia Coppola,Japan,2018-02-12,2023,TV-Y7,6 Seasons
t0483,Movie,Modern Star,David Fincher,Brazil,2023-06-15,2002,NR,70 min
t0484,Movie,Lost Mystery,Denis Villeneuve,Mexico,2017-09-11,2010,PG,117 min
t0485,TV Show,Rising Star: Origins,Martin Scorsese,Germany,2021-06-10,2009,TV-PG,4 Seasons
t0486,Movie,Lost Storm,Guillermo del Toro,Nigeria,2022-11-25,2008,PG,71 min
t0487,Movie,Above Family: Reborn,Kathryn Bigelow,Japan,2023-05-14,2023,TV-14,165 min
t0488,Movie,Ancient Love: Origins,,France,2019-10-17,2022,G,70 min
t0489,Movie,A Star,Barry Jenkins,Germany,2021-03-28,2022,TV-Y7,190 min
t0490,Movie,Beyond Shadow,Wes Anderson,Mexico,2015-04-22,1993,G,172 min
t0491,Movie,Broken City of Time,Jane Campion,Japan,2015-08-20,2017,TV-14,173 min
t0492,Movie,Forgotten Journeys,Kathryn Bigelow,Brazil,2021-05-23,2017,NR,80 min
t0493,TV Show,Falling Life,,,2021-10-11,2023,TV-14,7 Seasons
t0494,TV Show,Beyond Song Chronicles,Sofia Coppola,,2016-09-05,2005,G,2 Seasons
t0495,Movie,Forgotten Dreams,,Germany,2019-06-08,2001,TV-14,71 min
t0496,TV Show,Beyond Family: Reborn,Greta Gerwig,Turkey,2022-08-29,2005,PG,2 Seasons
t0497,Movie,Above Moons,,India,2021-02-17,2002,TV-PG,74 min
t0498,Movie,Falling Peace Season,,Brazil,2016-11-18,2020,G,130 min
t0499,TV Show,Under Family: Origins,Hayao Miyazaki,India,2023-12-11,2013,PG-13,9 Seasons
t0500,Movie,Above Shadow,Jane Campion,South Korea,2022-03-14,2012,,75 min
t0501,Movie,Dark Story Season,Wes Anderson,Germany,2022-08-13,2020,TV-Y,135 min
t0502,Movie,Wild Detective,Sofia Coppola,Brazil,2023-02-21,2016,NR,127 min
t0503,TV Show,Rising Love,Greta Gerwig,Italy,2022-12-17,2016,TV-MA,5 Seasons
t0504,TV Show,Dark Kingdom,Céline Sciamma,China,2020-06-06,2020,NR,6 Seasons
t0505,Movie,Forgotten Star,Greta Gerwig,United States,2019-01-27,2019,PG,143 min
t0506,Movie,The Song,Chloe Zhao,Nigeria,2016-08-16,2015,PG,89 min
t0507,Movie,The Mystery Season,Pedro Almodóvar,India,2017-12-30,2023,PG-13,77 min
t0508,TV Show,Hidden Shadow Files,,Turkey,2019-02-16,2021,TV-14,1 Seasons
t0509,TV Show,Under Dream,Pedro Almodóvar,,2017-01-10,2010,TV-Y,8 Seasons
t0510,Movie,Secret World of Time,Kathryn Bigelow,,2019-03-10,2002,TV-Y7,149 min
t0511,TV Show,Under Moon: Origins,Denis Villeneuve,Mexico,2016-04-23,2016,R,3 Seasons
t0512,Movie,Eternal Citys,Ridley Scott,Australia,2022-06-11,2023,R,164 min
t0513,TV Show,Falling Day Files,Céline Sciamma,Australia,2017-01-14,2011,PG-13,4 Seasons
t0514,Movie,Secret Heart Chronicles,,Turkey,2021-09-12,2014,PG,122 min
t0515,Movie,Hidden Journey,Denis Villeneuve,Nigeria,2023-12-28,1990,PG,165 min
t0516,TV Show,A Storm,Ridley Scott,Mexico,2015-03-22,2023,TV-Y,3 Seasons
t0517,TV Show,A Dreams,,Canada,2020-09-02,2020,PG,4 Seasons
t0518,Movie,Silent Fire,Christopher Nolan,Brazil,2020-05-17,2018,PG,79 min
t0519,TV Show,Modern Sun,Guillermo del Toro,France,2017-03-15,1999,TV-Y7,7 Seasons
t0520,Movie,Modern Waters,Hayao Miyazaki,Australia,2018-01-20,2017,G,150 min
t0521,Movie,Broken Storm of Time,Barry Jenkins,Italy,2022-07-12,2013,R,116 min
t0522,Movie,Rising Night,,Japan,2022-05-18,2020,TV-MA,127 min
t0523,Movie,Modern Song: Origins,Hayao Miyazaki,South Korea,2023-04-22,2020,TV-Y7,184 min
t0524,TV Show,Sacred Heart Files,Zhang Yimou,Turkey,2016-12-20,2018,TV-PG,2 Seasons
t0525,Movie,Forgotten Dream of Time,Zhang Yimou,Japan,2020-11-23,1993,PG-13,170 min
t0526,Movie,Lost Secret,Hayao Miyazaki,France,2015-04-05,2022,,77 min
t0527,Movie,Golden Song Season,,India,2017-05-06,2019,TV-14,187 min
t0528,Movie,Lost Day Season,Jane Campion,China,2020-07-25,2018,TV-PG,188 min
t0529,TV Show,Above Day,Hayao Miyazaki,China,2022-01-27,1993,TV-PG,5 Seasons
t0530,Movie,Falling Kingdom,Hayao Miyazaki,Turkey,2017-01-16,2003,PG,178 min
t0531,Movie,Under Fire,Kathryn Bigelow,United Kingdom,2016-06-28,2018,TV-14,83 min
t0532,TV Show,Lost City of Time,Hayao Miyazaki,India,2018-01-16,2017,TV-Y,5 Seasons
t0533,Movie,A Night Chronicles,,United States,2017-11-17,2023,TV-Y7,161 min
t0534,Movie,Eternal Fire Files,,Nigeria,2018-10-30,1997,R,190 min
t0535,TV Show,Wild Story: Reborn,,China,2016-01-27,2019,TV-Y,8 Seasons
t0536,TV Show,Wild Night: Origins,Bong Joon-ho,Spain,2017-08-04,2021,TV-MA,9 Seasons
t0537,Movie,Secret Peace Chronicles,,Canada,2020-11-23,2009,TV-MA,176 min
t0538,Movie,Modern House,Anurag Kashyap,Mexico,,2022,R,97 min
t0539,Movie,Modern Sun,Greta Gerwig,China,2022-06-26,2019,TV-PG,139 min
t0540,TV Show,Above Shadows,Chloe Zhao,France,2019-01-14,2006,,1 Seasons
t0541,Movie,Sacred Heart: Origins,Guillermo del Toro,South Korea,2019-01-24,2015,R,102 min
t0542,Movie,Above Song,David Fincher,,2018-08-07,2021,TV-Y,98 min
t0543,Movie,Secret Family Files,,United Kingdom,2016-09-09,2022,TV-Y,167 min
t0544,Movie,Last War,Denis Villeneuve,India,2022-02-27,2018,PG,124 min
t0545,TV Show,Falling Sun,Barry Jenkins,Spain,2017-06-17,2009,R,9 Seasons
t0546,Movie,Hidden Fire,Martin Scorsese,Mexico,2023-05-20,2020,PG-13,176 min
t0547,Movie,Broken Legend Season,Christopher Nolan,,2015-11-10,2012,R,150 min
t0548,Movie,Golden Secret,Martin Scorsese,China,2017-01-09,2023,TV-PG,96 min
t0549,Movie,Rising Storm of Time,Barry Jenkins,Germany,2016-06-25,2016,TV-14,128 min
t0550,Movie,Silent Love,Pedro Almodóvar,,2020-01-27,2015,G,84 min
t0551,Movie,Lost Chronicle Chronicles,Barry Jenkins,Japan,2022-11-14,2022,PG-13,181 min
t0552,TV Show,Golden World,Pedro Almodóvar,Italy,2021-08-28,2010,TV-Y,6 Seasons
t0553,TV Show,Silent Worlds,Hayao Miyazaki,United States,2021-04-28,2010,TV-MA,8 Seasons
t0554,TV Show,Dark Peace: Reborn,Chloe Zhao,China,2015-10-10,2021,TV-PG,2 Seasons
t0555,Movie,Dark Heart Chronicles,Denis Villeneuve,United Kingdom,2015-09-10,2021,NR,173 min
t0556,Movie,Under Fire,Jane Campion,Spain,2021-01-15,2019,G,179 min
t0557,Movie,Rising Life Files,Ava DuVernay,Nigeria,2015-01-25,2021,TV-Y,117 min
t0558,Movie,Last Mystery: Origins,Céline Sciamma,,,2023,TV-Y7,138 min
t0559,TV Show,The Family Files,,,2018-05-29,2018,TV-14,9 Seasons
t0560,TV Show,Broken Love,Chloe Zhao,China,2019-01-12,2003,TV-Y7,2 Seasons
t0561,Movie,Under Story,,Spain,2021-07-13,2006,TV-14,190 min
t0562,Movie,The Journey,Barry Jenkins,,2015-07-02,2021,TV-Y7,101 min
t0563,TV Show,The Citys,Zhang Yimou,South Korea,,2012,TV-14,3 Seasons
t0564,Movie,Dark Star,,France,2021-03-02,2013,TV-Y7,123 min
t0565,Movie,Above Chronicle: Reborn,Barry Jenkins,India,2021-07-11,2019,PG-13,181 min
t0566,Movie,Rising Journey of Time,Wes Anderson,Brazil,2015-04-05,2017,NR,72 min
t0567,TV Show,Beyond Kingdom: Reborn,Sofia Coppola,Italy,2017-06-08,1999,TV-Y7,7 Seasons
t0568,Movie,Beyond Love Season,Martin Scorsese,Canada,2015-06-23,2021,TV-MA,145 min
t0569,Movie,Under Legend,Ridley Scott,Spain,2017-04-10,2021,PG,70 min
t0570,TV Show,Above Day,Bong Joon-ho,Italy,2017-12-12,2018,PG,2 Seasons
t0571,Movie,Golden Song Season,Sofia Coppola,Turkey,2015-03-21,2021,TV-Y,113 min
t0572,TV Show,Lost Fire,Barry Jenkins,Spain,2015-07-14,2022,PG,2 Seasons
t0573,Movie,Falling Stars,Pedro Almodóvar,Japan,2019-09-10,2006,NR,86 min
t0574,TV Show,Sacred Journey Chronicles,Martin Scorsese,Brazil,2015-02-28,2015,PG-13,7 Seasons
t0575,Movie,Modern Legend Season,,South Korea,2019-06-28,2018,G,183 min
t0576,TV Show,A Journey,Guillermo del Toro,Canada,2022-10-10,1995,PG-13,9 Seasons
t0577,Movie,Rising Night of Time,Hayao Miyazaki,Japan,2022-06-20,2011,TV-MA,135 min
t0578,Movie,Hidden Secret,Hayao Miyazaki,,2020-12-06,2000,TV-Y,150 min
t0579,Movie,Forgotten War: Reborn,,Mexico,2015-05-17,2009,TV-Y7,102 min
t0580,Movie,Broken Journey Season,,Japan,2018-04-06,2012,G,89 min
t0581,Movie,Forgotten Story,,United Kingdom,2021-10-29,2021,TV-MA,164 min
t0582,TV Show,Rising Love,David Fincher,South Korea,2020-08-15,2022,TV-MA,9 Seasons
t0583,Movie,Golden Secret: Origins,Martin Scorsese,United States,2021-03-09,2021,R,85 min
t0584,Movie,Eternal World,Chloe Zhao,Mexico,2016-03-13,2022,PG-13,156 min
t0585,TV Show,Lost Fire: Origins,Christopher Nolan,Canada,2021-04-10,2022,TV-14,6 Seasons
t0586,TV Show,Rising Songs,Ridley Scott,United Kingdom,2016-12-10,2008,NR,6 Seasons
t0587,Movie,Ancient Star,Sofia Coppola,,2017-06-30,2019,G,142 min
t0588,Movie,Ancient Day,,,2021-12-24,2019,NR,123 min
t0589,TV Show,Dark House of Time,Céline Sciamma,Japan,2018-02-11,2021,PG,5 Seasons
t0590,TV Show,The Peace Chronicles,,United States,2023-01-01,2021,TV-14,3 Seasons
t0591,Movie,Above Song: Origins,Kathryn Bigelow,Egypt,2017-07-06,2021,TV-14,168 min
t0592,Movie,Dark Songs,Barry Jenkins,South Korea,2017-03-21,1991,PG,188 min
t0593,Movie,Beyond Fire Files,Wes Anderson,Nigeria,2021-09-27,2016,PG-13,105 min
t0594,Movie,The Lifes,Hayao Miyazaki,,2016-03-24,2019,G,114 min
t0595,Movie,Last Moon,Zhang Yimou,Australia,2019-05-04,2019,NR,89 min
t0596,Movie,Falling Family,David Fincher,,2020-06-04,2015,TV-PG,109 min
t0597,Movie,Golden War: Reborn,Christopher Nolan,China,2021-05-10,2023,TV-MA,75 min
t0598,Movie,Sacred Story Chronicles,,United States,2016-08-09,2021,TV-Y7,96 min
t0599,Movie,Lost Detective of Time,Jane Campion,Brazil,2019-07-24,2005,R,103 min
t0600,TV Show,Above Life,Ridley Scott,Spain,2018-06-23,1997,TV-Y7,2 Seasons
t0601,TV Show,Eternal Sun: Origins,Ava DuVernay,Italy,2017-10-24,2016,TV-Y7,3 Seasons
t0602,Movie,Secret Life,David Fincher,,2017-07-06,2023,TV-Y,122 min
t0603,TV Show,Forgotten World,Pedro Almodóvar,Australia,2019-02-21,2004,TV-Y,9 Seasons
t0604,Movie,Rising House: Origins,Céline Sciamma,South Korea,2017-02-09,1996,G,139 min
t0605,Movie,Hidden Life,Christopher Nolan,Mexico,2023-06-13,2010,TV-Y7,129 min
t0606,TV Show,Falling Family: Reborn,Ava DuVernay,Australia,2021-07-17,2019,NR,8 Seasons
t0607,Movie,Wild Shadow: Origins,Chloe Zhao,Canada,,2018,TV-MA,97 min
t0608,Movie,Lost Life,Christopher Nolan,Canada,2019-12-19,2022,TV-Y,133 min
t0609,Movie,Golden World Files,Bong Joon-ho,Australia,2023-06-28,2016,PG,72 min
t0610,TV Show,Modern Kingdom,Sofia Coppola,Germany,2022-03-06,2006,PG,2 Seasons
t0611,Movie,Wild Mystery: Origins,Ridley Scott,United Kingdom,2022-02-10,2015,PG,120 min
t0612,Movie,A Life: Reborn,Hayao Miyazaki,Australia,2017-08-22,2020,G,174 min
t0613,TV Show,Above Song Files,Anurag Kashyap,Australia,2018-07-12,2015,TV-PG,1 Seasons
t0614,Movie,Dark Storm: Origins,,Mexico,2022-02-01,1998,TV-Y,88 min
t0615,Movie,Rising Night,Anurag Kashyap,,2016-09-04,2023,R,184 min
t0616,Movie,Forgotten Shadow,Kathryn Bigelow,Canada,2023-11-15,2011,PG-13,142 min
t0617,Movie,Modern Day,Ava DuVernay,Brazil,2016-01-03,2019,G,72 min
t0618,Movie,Last Shadow: Reborn,Sofia Coppola,Turkey,2017-10-28,2012,TV-MA,162 min
t0619,Movie,Beyond Peace Chronicles,Céline Sciamma,United States,2023-08-24,2022,R,189 min
t0620,TV Show,Under War Chronicles,Céline Sciamma,France,2022-06-03,2006,TV-14,5 Seasons
t0621,Movie,Eternal Story Chronicles,Greta Gerwig,Turkey,2020-03-29,2003,TV-Y,140 min
t0622,TV Show,Rising Legend: Reborn,Sofia Coppola,India,2018-01-19,2009,TV-PG,8 Seasons
t0623,Movie,Sacred Night: Origins,Martin Scorsese,Brazil,2023-12-06,2020,TV-Y7,168 min
t0624,Movie,Above Day,Greta Gerwig,,2022-02-18,2011,TV-MA,100 min
t0625,Movie,Broken House Chronicles,,China,2018-11-27,2022,TV-PG,185 min
t0626,Movie,Forgotten Day Season,Hayao Miyazaki,Germany,2021-05-14,2004,TV-14,136 min
t0627,Movie,Above Night: Reborn,Sofia Coppola,France,2017-04-18,2005,PG,152 min
t0628,Movie,A City Chronicles,David Fincher,Germany,2018-03-31,2003,TV-Y,145 min
t0629,Movie,Wild World: Reborn,Greta Gerwig,South Korea,2018-10-06,2023,NR,158 min
t0630,Movie,Silent Secret,,South Korea,2018-02-04,2021,G,77 min
t0631,TV Show,Silent Dream,,United States,2016-11-23,2010,TV-Y7,1 Seasons
t0632,TV Show,Secret Storm,Guillermo del Toro,South Korea,2021-07-21,2023,G,4 Seasons
t0633,TV Show,Broken Family Files,,India,2023-06-22,2009,R,5 Seasons
t0634,TV Show,Under Day Files,Kathryn Bigelow,Mexico,2018-12-16,2022,PG,8 Seasons
t0635,Movie,Golden Water Files,Céline Sciamma,Australia,2019-06-07,2021,TV-PG,102 min
t0636,Movie,Forgotten Water Season,Chloe Zhao,Turkey,2018-10-21,2006,G,140 min
t0637,Movie,Golden War of Time,Pedro Almodóvar,Spain,2017-09-17,1995,TV-PG,189 min
t0638,Movie,Secret War: Origins,,Turkey,2016-10-04,2012,NR,133 min
t0639,Movie,Last Mysterys,Ridley Scott,Turkey,2019-02-08,1993,R,142 min
t0640,TV Show,Last Fire: Origins,Martin Scorsese,United States,2022-06-01,2006,TV-Y7,9 Seasons
t0641,Movie,Lost Mysterys,Bong Joon-ho,,2016-08-19,2017,R,113 min
t0642,TV Show,Silent Life Season,,United Kingdom,2019-10-21,2020,R,9 Seasons
t0643,TV Show,Falling Mystery Chronicles,Ridley Scott,Egypt,2020-02-02,2020,NR,3 Seasons
t0644,TV Show,Modern Song Chronicles,Denis Villeneuve,South Korea,,2023,TV-Y,2 Seasons
t0645,Movie,Eternal Star,Greta Gerwig,Brazil,2018-07-04,2003,NR,142 min
t0646,TV Show,Modern Water: Reborn,Zhang Yimou,United States,2020-06-10,2021,TV-Y7,4 Seasons
t0647,Movie,Secret Water Chronicles,Denis Villeneuve,Canada,2018-12-06,2006,PG-13,170 min
t0648,Movie,Rising Fire,Bong Joon-ho,India,2018-11-21,2020,TV-PG,87 min
t0649,Movie,Falling City Season,,Canada,,2019,TV-Y,125 min
t0650,Movie,Sacred Song,David Fincher,Germany,2019-09-08,2021,PG-13,158 min
t0651,Movie,Under Day,Bong Joon-ho,South Korea,2019-07-03,2019,TV-Y,184 min
t0652,TV Show,Forgotten Star,Sofia Coppola,Australia,2015-09-07,2015,TV-MA,7 Seasons
t0653,TV Show,Golden Life,Zhang Yimou,Brazil,2021-10-13,2022,TV-PG,3 Seasons
t0654,Movie,Under Peaces,Jane Campion,France,2022-06-29,2023,PG,159 min
t0655,TV Show,Under Sun Chronicles,Martin Scorsese,,2021-04-15,2016,PG,2 Seasons
t0656,Movie,Hidden Day,,Japan,2022-06-23,1990,NR,171 min
t0657,Movie,Wild Lifes,,South Korea,2020-12-09,2013,,73 min
t0658,Movie,Last Water: Origins,,Nigeria,2021-12-04,2020,,139 min
t0659,TV Show,Modern War,Jane Campion,Italy,2019-12-12,1997,PG,7 Seasons
t0660,Movie,Broken City,,South Korea,,2023,TV-PG,86 min
t0661,TV Show,Forgotten Night: Reborn,,Turkey,2020-09-03,2018,TV-14,2 Seasons
t0662,TV Show,Eternal Song: Origins,Guillermo del Toro,Japan,2018-10-27,2018,R,7 Seasons
t0663,Movie,Broken Peace: Origins,Greta Gerwig,France,2015-03-26,2022,NR,90 min
t0664,Movie,Forgotten Sun Chronicles,Bong Joon-ho,Italy,2021-06-14,2010,TV-Y,123 min
t0665,TV Show,Ancient Day Files,Chloe Zhao,Nigeria,2019-08-13,2008,TV-14,9 Seasons
t0666,Movie,Beyond Family of Time,,Mexico,2018-10-24,2018,R,143 min
t0667,Movie,A City,Martin Scorsese,Spain,2023-07-21,2016,TV-Y,149 min
t0668,Movie,Broken Fire,Zhang Yimou,United Kingdom,2019-03-04,2014,PG,142 min
t0669,TV Show,Sacred Journey,,United Kingdom,2018-12-03,2005,TV-Y7,4 Seasons
t0670,Movie,Wild Story Files,Pedro Almodóvar,Japan,,2018,TV-Y7,101 min
t0671,TV Show,Wild Star,Kathryn Bigelow,Egypt,2016-11-12,2017,NR,7 Seasons
t0672,TV Show,Rising Shadow,Sofia Coppola,Nigeria,2016-01-07,2008,NR,8 Seasons
t0673,Movie,Above Storms,Ava DuVernay,Germany,2017-03-01,2021,TV-Y,101 min
t0674,Movie,Above Family,Jane Campion,United Kingdom,2023-02-15,2022,TV-MA,83 min
t0675,Movie,Lost House Chronicles,Ava DuVernay,Australia,2022-12-13,2020,R,133 min
t0676,TV Show,Above Shadow,Jane Campion,China,2016-03-23,2021,TV-PG,8 Seasons
t0677,Movie,Above Mystery Files,Martin Scorsese,Canada,2016-08-27,2006,NR,145 min
t0678,Movie,Falling Shadow: Reborn,Barry Jenkins,United Kingdom,2016-11-27,2023,PG,122 min
t0679,Movie,Silent Secret Season,,Egypt,2017-02-26,1998,TV-Y,133 min
t0680,Movie,Ancient Mystery Season,,Japan,2016-07-10,2023,TV-14,173 min
t0681,TV Show,Wild Journey: Reborn,Christopher Nolan,Egypt,2023-06-04,2020,PG-13,7 Seasons
t0682,TV Show,Sacred Moon of Time,Sofia Coppola,Japan,2021-10-21,2019,TV-Y,7 Seasons
t0683,Movie,Dark Sun Files,Kathryn Bigelow,Italy,2021-07-12,2000,TV-14,153 min
t0684,Movie,Ancient Peace,Wes Anderson,Japan,2021-09-02,2015,TV-14,74 min
t0685,Movie,Broken Heart Season,Céline Sciamma,Brazil,2020-05-22,2001,TV-Y,95 min
t0686,Movie,Ancient Fire,Ridley Scott,Australia,2016-01-08,2001,R,110 min
t0687,TV Show,Hidden Heart,Hayao Miyazaki,South Korea,2019-10-12,2014,R,8 Seasons
t0688,TV Show,Wild Love Season,Sofia Coppola,Germany,2022-03-17,1995,NR,9 Seasons
t0689,Movie,Hidden Life Files,Barry Jenkins,Australia,2018-07-05,2010,TV-PG,85 min
t0690,Movie,Forgotten Heart,,France,2017-06-26,2016,NR,84 min
t0691,Movie,Dark House Chronicles,Christopher Nolan,United States,2022-06-09,2003,R,118 min
t0692,TV Show,Silent Chronicle Files,,Nigeria,2015-07-22,2014,TV-PG,6 Seasons
t0693,Movie,Hidden Peace of Time,Ava DuVernay,Nigeria,2018-10-30,2023,TV-14,136 min
t0694,Movie,Last Life of Time,Sofia Coppola,India,2017-06-30,2012,G,95 min
t0695,TV Show,Sacred Day of Time,Anurag Kashyap,Japan,2019-04-25,2023,G,1 Seasons
t0696,TV Show,Hidden Water Chronicles,Guillermo del Toro,Australia,2019-05-29,1998,R,9 Seasons
t0697,Movie,Rising Dream,,Nigeria,2017-09-12,2022,NR,77 min
t0698,Movie,Modern War Files,,Japan,2018-11-22,2000,NR,159 min
t0699,Movie,Lost Journeys,Ridley Scott,Turkey,2017-04-19,2006,PG-13,179 min
t0700,TV Show,Under Chronicle Season,Ava DuVernay,Australia,2015-04-06,2017,G,2 Seasons
t0701,Movie,Golden Legend,Kathryn Bigelow,France,2018-05-11,2017,PG,97 min
t0702,TV Show,Beyond Detective,Christopher Nolan,Spain,2017-08-13,1997,PG-13,6 Seasons
t0703,TV Show,Beyond Family,Céline Sciamma,France,2018-05-26,2014,TV-Y,7 Seasons
t0704,Movie,Silent Dream,Greta Gerwig,Mexico,2021-01-01,2021,G,160 min
t0705,Movie,Dark Journey Season,Denis Villeneuve,Australia,2023-07-14,2008,R,90 min
t0706,TV Show,Wild Star,,Japan,,2021,TV-Y,6 Seasons
t0707,Movie,Ancient Family Season,,Japan,2023-09-04,2014,PG,79 min
t0708,TV Show,Lost Story Files,Sofia Coppola,Mexico,2022-12-10,2023,R,2 Seasons
t0709,Movie,Secret Chronicles,Kathryn Bigelow,Nigeria,2015-04-28,2003,NR,83 min
t0710,TV Show,Last Day,David Fincher,Egypt,2017-10-21,2007,TV-PG,6 Seasons
t0711,Movie,Dark Water,Martin Scorsese,France,2017-02-17,2020,PG,107 min
t0712,TV Show,Under Secret Season,Kathryn Bigelow,United States,2017-08-17,1993,NR,3 Seasons
t0713,TV Show,Last Star of Time,Hayao Miyazaki,Nigeria,2021-06-12,2019,TV-Y,4 Seasons
t0714,Movie,Golden Sun,Zhang Yimou,Italy,2023-01-07,2019,,172 min
t0715,Movie,Sacred City,Guillermo del Toro,Brazil,2015-06-26,2018,TV-14,135 min
t0716,TV Show,Forgotten World Season,Céline Sciamma,France,2017-03-12,2012,NR,9 Seasons
t0717,Movie,Sacred Water,Céline Sciamma,Mexico,2020-03-19,2011,PG-13,101 min
t0718,Movie,Golden Fire Files,Céline Sciamma,Turkey,,2010,TV-14,170 min
t0719,Movie,Hidden Peace: Reborn,,Nigeria,2022-05-14,2018,TV-PG,77 min
t0720,TV Show,Ancient Secret Chronicles,,South Korea,2015-04-22,2017,TV-MA,2 Seasons
t0721,Movie,Silent Dream Files,Ava DuVernay,Australia,2022-12-09,2013,G,116 min
t0722,TV Show,A War,Pedro Almodóvar,India,2017-05-29,2017,TV-PG,4 Seasons
t0723,Movie,Last Kingdom: Origins,,Spain,2018-04-05,2001,PG-13,96 min
t0724,Movie,Falling Water: Reborn,Ava DuVernay,Turkey,2017-07-15,2018,TV-Y,160 min
t0725,Movie,Forgotten Sun: Reborn,Chloe Zhao,Turkey,2020-11-12,2003,TV-MA,86 min
t0726,Movie,Forgotten Secret,Pedro Almodóvar,Australia,2020-09-20,2009,NR,144 min
t0727,Movie,Modern Detective,,Spain,2015-04-17,2014,TV-14,152 min
t0728,TV Show,A Day Season,,Egypt,2016-01-25,2003,TV-14,4 Seasons
t0729,Movie,Ancient Fire: Origins,,United States,2015-02-06,2018,TV-PG,135 min
t0730,TV Show,Above City: Reborn,Chloe Zhao,Canada,2021-09-12,2022,TV-PG,7 Seasons
t0731,TV Show,The War: Origins,Barry Jenkins,Japan,2017-01-26,2017,TV-Y7,8 Seasons
t0732,Movie,Secret War Chronicles,Martin Scorsese,Australia,2015-01-03,2017,R,174 min
t0733,Movie,Falling Chronicle of Time,Jane Campion,China,2016-04-12,2011,TV-14,116 min
t0734,Movie,Wild Dream: Origins,,Japan,2015-07-13,2018,TV-Y,162 min
t0735,TV Show,Lost Shadow of Time,,,2016-02-05,2021,TV-PG,3 Seasons
t0736,Movie,Modern Mystery Chronicles,,Mexico,2016-05-18,2018,TV-Y,182 min
t0737,TV Show,Lost Star,Christopher Nolan,Turkey,2017-01-05,1995,TV-Y,8 Seasons
t0738,TV Show,Silent Peace,Hayao Miyazaki,India,2017-07-24,2019,PG-13,2 Seasons
t0739,TV Show,Above Fire,Denis Villeneuve,Mexico,2018-10-19,1998,TV-Y7,8 Seasons
t0740,TV Show,Beyond Life: Reborn,Pedro Almodóvar,Australia,2022-08-04,1999,TV-Y7,7 Seasons
t0741,TV Show,Dark Star,Bong Joon-ho,Nigeria,2020-03-23,2018,R,1 Seasons
t0742,Movie,Hidden Sun,Christopher Nolan,Mexico,2021-05-31,2020,TV-PG,84 min
t0743,TV Show,Lost Family Season,,Brazil,2023-11-13,2017,PG-13,1 Seasons
t0744,TV Show,Under War Season,Martin Scorsese,China,2015-08-18,1993,G,8 Seasons
t0745,Movie,A War,Kathryn Bigelow,,2021-03-25,2023,TV-Y,172 min
t0746,Movie,Wild Moon Season,Christopher Nolan,United States,2016-11-01,2003,PG-13,154 min
t0747,TV Show,A War: Origins,Martin Scorsese,Brazil,2021-10-17,2022,TV-Y7,5 Seasons
t0748,TV Show,Under Legend,Hayao Miyazaki,India,2023-12-29,2020,PG,5 Seasons
t0749,Movie,Modern Peace,Anurag Kashyap,France,,2020,TV-PG,81 min
t0750,TV Show,A Heart Files,Jane Campion,United Kingdom,2020-02-15,2018,TV-Y,9 Seasons
t0751,Movie,Lost House: Origins,Martin Scorsese,France,2018-07-22,2003,TV-MA,85 min
t0752,TV Show,Modern Story: Reborn,Jane Campion,United States,2020-10-13,2015,G,7 Seasons
t0753,Movie,Sacred Loves,,United Kingdom,,2023,R,168 min
t0754,Movie,Broken City,Denis Villeneuve,China,2022-08-23,2008,G,113 min
t0755,Movie,Rising Legend of Time,David Fincher,Germany,2021-11-08,2017,PG,151 min
t0756,Movie,Beyond City Chronicles,Céline Sciamma,Japan,2015-11-12,2023,G,72 min
t0757,Movie,Modern Chronicle Chronicles,Zhang Yimou,China,2018-02-09,2022,PG,80 min
t0758,Movie,Hidden Heart Files,Hayao Miyazaki,Japan,2020-02-24,1994,G,76 min
t0759,Movie,Dark Water,Martin Scorsese,France,2016-06-02,2020,TV-PG,177 min
t0760,Movie,Wild Suns,Pedro Almodóvar,Germany,2015-09-20,2018,NR,96 min
t0761,Movie,Dark Heart,Ridley Scott,Italy,2022-04-27,2012,PG,117 min
t0762,TV Show,Last Night of Time,Anurag Kashyap,China,2020-03-28,2022,,1 Seasons
t0763,Movie,Rising Peace,Barry Jenkins,China,2016-08-26,2022,NR,171 min
t0764,TV Show,Wild Journey Season,Jane Campion,Spain,2016-06-15,2023,PG,2 Seasons
t0765,Movie,Sacred Night Chronicles,Christopher Nolan,United Kingdom,2019-08-06,1998,NR,153 min
t0766,Movie,A Moon,,India,2023-03-27,2020,TV-MA,109 min
t0767,Movie,Last Heart,Chloe Zhao,France,2018-09-13,2023,PG-13,82 min
t0768,Movie,Rising World Chronicles,Barry Jenkins,Egypt,2022-08-18,2022,PG-13,124 min
t0769,Movie,Secret Peace,Ava DuVernay,Italy,2023-01-23,2012,TV-Y,147 min
t0770,Movie,Eternal Water,Wes Anderson,Japan,2015-07-07,2016,PG-13,186 min
t0771,Movie,Modern Journey,David Fincher,United States,2022-01-03,2000,TV-Y7,120 min
t0772,TV Show,Lost Life Files,Céline Sciamma,Turkey,2016-03-04,2019,TV-PG,1 Seasons
t0773,Movie,Above Fires,Barry Jenkins,Australia,2020-05-28,2019,TV-14,134 min
t0774,Movie,Forgotten Mystery,Céline Sciamma,Nigeria,2015-10-24,2013,PG,165 min
t0775,Movie,Golden Water Season,,Spain,2021-01-20,2019,TV-PG,91 min
t0776,TV Show,Under War,,,2020-09-17,2022,NR,2 Seasons
t0777,TV Show,Golden Legend Season,Barry Jenkins,Spain,2016-03-27,2007,TV-Y,9 Seasons
t0778,Movie,Silent Journey,Ava DuVernay,Spain,2022-01-30,2023,TV-Y7,99 min
t0779,TV Show,Under Day,Pedro Almodóvar,Australia,2021-10-09,1996,TV-Y,3 Seasons
t0780,Movie,The Journey,Céline Sciamma,France,2020-08-31,2022,PG,102 min
t0781,Movie,Falling Story: Reborn,,Mexico,2016-11-09,1990,TV-MA,165 min
t0782,Movie,The Moon of Time,Wes Anderson,India,2019-07-01,2012,,122 min
t0783,Movie,Lost Dream Season,Bong Joon-ho,Egypt,2023-06-13,2019,R,188 min
t0784,Movie,Lost Family Chronicles,,Australia,2015-10-11,2014,TV-Y,96 min
t0785,Movie,A Storm Season,Céline Sciamma,United States,2017-07-05,2021,TV-Y,134 min
t0786,TV Show,The Legend Season,Anurag Kashyap,,2020-10-18,2000,R,1 Seasons
t0787,Movie,Rising Star,Ava DuVernay,Japan,2018-08-13,2002,TV-PG,167 min
t0788,Movie,Last Night: Origins,Denis Villeneuve,United States,2017-10-07,2003,TV-MA,132 min
t0789,Movie,Last Water,Martin Scorsese,Mexico,2017-04-13,2015,TV-PG,76 min
t0790,Movie,Falling Legend of Time,,Mexico,2016-11-12,2011,PG,188 min
t0791,TV Show,Modern Wars,Ava DuVernay,,2021-11-23,2023,TV-14,9 Seasons
t0792,Movie,Modern House,Jane Campion,,2021-02-13,2012,G,82 min
t0793,Movie,Sacred World,Kathryn Bigelow,Nigeria,2022-08-24,2011,TV-14,106 min
t0794,Movie,Dark Chronicles,Ava DuVernay,Mexico,2021-08-12,2009,TV-PG,71 min
t0795,TV Show,Sacred Kingdoms,,Mexico,2015-11-08,2023,TV-14,4 Seasons
t0796,TV Show,Eternal House,Céline Sciamma,Japan,2021-10-07,1995,G,6 Seasons
t0797,TV Show,Beyond Secret: Reborn,Guillermo del Toro,Japan,,2014,PG-13,9 Seasons
t0798,TV Show,Ancient Sun: Reborn,,United States,2017-09-24,2010,TV-MA,8 Seasons
t0799,Movie,Golden Water: Origins,,Japan,2022-12-05,2002,TV-PG,83 min
t0800,Movie,Wild Chronicle Files,Bong Joon-ho,Germany,2022-04-21,2019,NR,87 min
t0016,TV Show,Lost House Season,Sofia Coppola,United States,2018-10-31,2018,PG-13,6 Seasons
t0143,Movie,Forgotten Dream,Kathryn Bigelow,China,2021-09-26,1995,R,139 min
